ID,Mappings,Expansion Rule,Expansion Rule BreakPoint,Collocation Correction Rule,Comment,Comment Fonts,Thing-Thing Relationships,Expansion Rule Status
1,,,0,,,,,0
2,,,0,,,,,0
3,,,0,,,,,0
4,2,,0,,,,,0
5,,,0,,,,,0
6,2917,,0,,,,,0
7,2918,,0,,,,,0
8,,,0,,,,,0
9,1,,0,,,,,
10,,,0,,,,,0
11,,,0,,,,,0
12,,,0,,,,,0
13,,,0,,,,,0
14,,,0,,,,,0
15,2919,,0,,,,,0
16,2920,,0,,,,,0
17,2921,,0,,,,,0
18,,,0,,,,,0
19,,,0,,,,,0
20,3,,0,,,,,
21,2922,,0,,,,,0
22,2923,,0,,,,,0
23,2924,,0,,,,,0
24,,,0,,,,,
25,2925,,0,,,,,0
26,4,,0,,,,Astick^S|Astick/Astaff^|Astaff^S|,0
27,5,,0,,,,,0
28,6,,0,,,,,
29,7,,0,,,,,
30,9,,0,,,,,0
31,8,,0,,,,,0
32,10,,0,,,,AGod^S|,0
34,13,,0,,,,,
35,14,,0,,,,,0
36,12,,0,,,,Aborder^n|,0
37,15,,0,,,,,0
38,16,,0,,,,,
39,17,,0,,,,,0
40,18,,0,,,,,0
41,19,,0,,,,,0
42,20,,0,,,,,0
43,21,,0,,,,,0
44,22,,0,,,,,0
45,23,,0,,,,,0
46,24,,0,,,,Aservant^S|Amaster^S|,0
47,25,,0,,,,,0
48,26,,0,,,,,0
49,27,,0,,,,,
50,28,,0,,,,,0
51,29,,0,,,,,0
52,30,,0,,,,,0
53,31,,0,,,,Aarmy^S|Acountry^S|Adream^S|Akingdom^S|Aofficer^S|Aservant^S|Aofficial^S|Aslave^S|,0
54,32,,0,,,,Aofficer^S|Aarmy^S|Asoldier^S|Askull^S|,0
55,33,,0,,,,,0
56,34,,0,,,,,0
57,35,,0,,,,,
58,36,,0,,,,,0
59,37,,0,,,,,
60,38,,0,,,,Amaster^S|Aking^S|Acamp^S|Asoldier^S|Atomb^S|Alord^S|,0
61,39,,0,,,,Aconcubine^Sn|Acow^S|AGod^S|Aseat^S|Aservant^S|Aslave^S|Afriend^S|Agift^S|Acountry^S|Aoffering^S|ALord^S|CLord^S|,0
62,40,,0,,,,Acountry^S|Aenemy^SS|AGod^SS|Aman^SS|Aname^SS|Aservant^SS|Aslave^SS|Aaltar^S|Aanimal^S|Ashield^S|,0
63,41,,0,,,,Afriend^S|Aarmy^SS|Aman^SS|Alife^SS|Asoldier^SS|Afeast^S|Aservant^S|Aplan^S|Amule^S|Apillar^nS|,0
64,42,,0,,,,,0
65,43,,0,,,,,0
66,44,,0,,,,,0
67,45,,0,,,,Acow^S|,0
68,46,,0,,,,,
69,47,,0,,,,Aservant^S|Aguard^S|Aarmy^S|Aenemy^S|Acity^S|,0
70,48,,0,,,,,0
71,49,,0,,,,,0
72,50,,0,,,,,0
73,51,,0,,,,,0
74,52,,0,,,,,0
76,54,,0,,,,,0
77,55,,0,,,,,
78,56,,0,,,,,0
79,58,,0,,,,Afriend^S|Asin^S|Alife^S|Aimage^S|,0
80,57,,0,,,,,0
81,59,,0,,,,,0
82,60,,0,,,,,0
83,61,,0,,,,,0
84,62,,0,,,,,0
85,63,,0,,,,,0
86,64,,0,,,,,0
87,65,,0,,,,,
88,67,,0,,,,,
89,66,,0,,,,,
90,68,,0,,,,,0
91,69,,0,,,,,0
92,70,,0,,,,,0
93,72,,0,,,,,
94,73,,0,,,,,0
95,74,,0,,,,,0
96,75,,0,,,,Aquestion^S|,
97,76,,0,,,,,
98,77,,0,,,,,
99,78,,0,,,,,0
100,79,,0,,,,Acave^n|,0
102,81,,0,,,,,11100
103,82,,0,,,,,0
104,83,,0,,,,,0
105,84,,0,,,,,0
106,85,,0,,,,,0
107,86,,0,,,,,
108,87,,0,,,,,0
109,88,,0,,,,,0
110,89,,0,,,,,0
111,90,,0,,,,,
112,91,,0,,,,,
113,92,,0,,,,,
114,93,,0,,,,,
115,94,,0,,,,,0
116,95,,0,,,,,
117,96,,0,,,,Aking^S|,0
118,97,,0,,,,,0
119,98,,0,,,,Amaster^S|,0
120,99,,0,,,,,
121,100,,0,,,,,0
122,101,,0,,,,,
123,102,,0,,,,,
124,103,,0,,,,Aplan^S|Aservant^S|,
125,104,,0,,,,,0
126,105,,0,,,,,0
127,106,,0,,,,,
128,107,,0,,,,,
129,108,,0,,,,,0
130,109,,0,,,,,
131,110,,0,,,,Asoldier^n|Aman^n|,0
132,111,,0,,,,,0
133,112,,0,,,,,0
134,113,,0,,,,,
135,114,,0,,,,,0
136,115,,0,,,,,0
137,116,,0,,,,,0
138,,,0,,,,,0
140,118,,0,,,,,0
141,119,,0,,,,,
142,120,,0,,,,,0
143,121,,0,,,,,0
144,122,,0,,,,,0
145,123,,0,,,,,
146,124,,0,,,,,0
147,125,,0,,,,,0
148,126,,0,,,,,0
150,128,,0,,,,,0
152,130,,0,,,,,
153,131,,0,,,,,0
154,132,,0,,,,,0
155,133,,0,,,,,0
156,134,,0,,,,,0
157,135,,0,,,,,0
158,136,,0,,,,,
159,137,,0,,,,,0
160,138,,0,,,,Aside^n|Acorner^n|Apart^|,11100
161,139,,0,,,,,0
162,140,,0,,,,,0
163,141,,0,,,,,0
164,142,,0,,,,Amountain^S|,0
165,143,,0,,,,,0
166,144,,0,,,,Aarmy^S|Aslave^S|Acamp^S|,0
167,145,,0,,,,,0
168,146,,0,,,,,
169,147,,0,,,,Abeard^S|,
170,148,,0,,,,,
171,149,,0,,,,,0
172,150,,0,,,,,
173,151,,0,,,,,
174,152,,0,,,,,
175,153,,0,,,,,0
176,154,,0,,,,Agod^n|,0
177,155,,0,,,,Agod^S|Aborder^S|Acamp^S|Asoldier^S|,0
178,156,,0,,,,Aservant^S|,
179,157,,0,,,,,
180,158,,0,,,,,
181,159,,0,,,,Aborder^S|Agod^S|,0
182,160,,0,,,,,0
183,,,0,,,,,0
184,161,,0,,,,,0
185,162,,0,,,,,0
186,163,,0,,,,,0
187,164,,0,,,,,
188,165,,0,,,,,0
189,167,,0,,,,,0
190,166,,0,,,,,0
191,168,,0,,,,,0
192,169,,0,,,,,
193,170,,0,,,,,0
194,171,,0,,,,,0
195,172,,0,,,,,0
196,173,,0,,,,,
197,175,,0,,,,,
199,176,,0,,,,,0
200,177,,0,,,,,0
201,178,,0,,,,AGod^S|Aname^S|Aenemy^S|Alist^n|Agenealogy^S|Agod^S|,11100
202,179,,0,,,,,0
203,180,,0,,,,,0
204,181,,0,,,,,0
205,182,,0,,,,Aauthority^S|Aname^S|Apicture^|,11100
206,183,,0,,,,,
207,184,,0,,,,,0
208,185,,0,,,,Amanger^S|Apiece^nS|Apower^S|Aanimal^n|Akind^n|Askin^S|Ameaning^n|Atooth^|,0
209,186,,0,,,,,
210,187,,0,,,,,0
211,188,,0,,,,,0
212,189,,0,,,,,0
213,190,,0,,,,,0
214,191,,0,,,,,
215,192,,0,,,,,
216,193,,0,,,,,0
217,194,,0,,,,,0
219,196,,0,,,,,0
220,197,,0,,,,,0
221,198,,0,,,,Aword^S|,11100
222,199,,0,,,,,0
223,200,,0,,,,,0
224,201,,0,,,,,0
225,202,,0,,,,,0
226,203,,0,,,,,
227,204,,0,,,,,0
228,205,,0,,,,,0
229,207,,0,,,,Agod^n|,0
230,208,,0,,,,,
231,206,,0,,,,,
232,,,0,,,,,
233,209,,0,,,,Aword^B|,0
234,210,,0,,,,,
235,211,,0,,,,,0
236,212,,0,,,,,0
237,213,,0,,,,Amaster^S|Aking^S|,
238,214,,0,,,,,0
239,215,,0,,,,,
240,216,,0,,,,,
241,217,,0,,,,,0
242,218,,0,,,,,0
243,219,,0,,,,,
244,220,,0,,,,,0
245,221,,0,,,,Aland^S|,
246,222,,0,,,,,0
248,224,,0,,,,,0
249,225,,0,,,,,0
250,226,,0,,,,,0
251,227,,0,,,,,0
252,228,,0,,,,,11100
253,228,,0,,,,,
254,230,,0,,,,Aname^S|Aplace^S|,0
256,231,,0,,,,,0
257,232,,0,,,,,
258,233,,0,,,,,11100
259,234,,0,,,,Acaptain^n|AGod^n|Asoldier^n|Aleader^n|Aofficer^n|Acaptain/Acommander^|Acommander^n|,0
260,235,,0,,,,,0
261,236,,0,,,,,0
263,239,,0,,,,,0
264,240,,0,,,,,0
265,241,,0,,,,,11100
266,242,,0,,,,,0
267,243,,0,,,,,0
268,244,,0,,,,,
269,245,,0,,,,,0
270,246,,0,,,,,0
271,247,,0,,,,,
272,248,,0,,,,,
273,249,,0,,,,,
274,250,,0,,,,,0
275,251,,0,,,,,11100
276,252,,0,,,,,0
277,253,,0,,,,,0
278,254,,0,,,,,0
279,256,,0,,,,Atribe^n|,0
280,256,,0,,,,Aperson^n|,0
281,255,,0,,,,,0
282,257,,0,,,,Apole^B|,0
283,258,,0,,,,,0
284,259,,0,,,,,0
285,260,,0,,,,,0
286,261,,0,,,,,0
287,262,,0,,,,,0
288,263,,0,,,,,0
289,264,,0,,,,Aidol^n|,0
290,265,,0,,,,,
291,266,,0,,,,,
292,267,,0,,,,,0
293,268,,0,,,,,0
294,269,,0,,,,,0
295,270,,0,,,,,0
296,271,,0,,,,Aborder^n|,0
297,271,,0,,,,,0
298,272,,0,,,,,11100
299,273,,0,,,,,0
300,274,,0,,,,,0
301,275,,0,,,,,0
302,277,,0,,,,,
303,276,,0,,,,,
304,278,,0,,,,,
305,279,,0,,,,,0
306,280,,0,,,,,0
307,281,,0,,,,,0
308,282,,0,,,,AJesus^|Aname^|,0
309,283,,0,,,,,0
310,284,,0,,,,,0
311,285,,0,,,,,0
312,286,,0,,,,,0
313,287,,0,,,,,11100
314,288,,0,,,,,
315,289,,0,,,,,
316,290,,0,,,,,0
317,291,,0,,,,,
318,292,,0,,,,,0
319,294,,0,,,,,
320,293,,0,,,,,
321,295,,0,,,,,
322,296,,0,,,,,0
323,297,,0,,,,,0
324,298,,0,,,,,
325,299,,0,,,,,
326,300,,0,,,,,
327,301,,0,,,,Aaltar^S|Apriest^nS|Atemple^nS|Apriest/Aprophet^|Aprophet^nS|Aidol^n|,0
328,306,,0,,,,,0
329,307,,0,,,,,0
330,302,,0,,,,,0
331,308,,0,,,,,
332,309,,0,,,,,
333,310,,0,,,,,0
334,311,,0,,,,,0
335,303,,0,,,,,0
336,304,,0,,,,,0
337,305,,0,,,,,0
338,312,,0,,,,,
339,313,,0,,,,,
340,314,,0,,,,,0
341,316,,0,,,,Aname^S|Acow^B|Apiece^|,0
342,,,0,,,,,0
343,315,,0,,,,Acow^|,0
345,317,,0,,,,Aarmy^S|,0
346,318,,0,,,,Aarmy^n|,0
347,319,,0,,,,,0
348,319,,0,,,,,0
349,320,,0,,,,,0
350,321,,0,,,,,
351,322,,0,,,,,
352,323,,0,,,,,
353,324,,0,,,,,0
354,325,,0,,,,,0
355,326,,0,,,,,0
356,327,,0,,,,,11100
357,328,,0,,,,,0
358,329,,0,,,,,11100
359,330,,0,,,,,
360,331,,0,,,,,0
361,331,,0,,,,,11100
362,332,,0,,,,Afollower^|,0
363,333,,0,,,,,
364,334,,0,,,,,0
365,335,,0,,,,Asoldier^S|Aenemy^S|,0
366,336,,0,,,,,
367,337,,0,,,,,11100
368,338,,0,,,,,
369,339,,0,,,,Aamount^n|,11100
370,339,,0,,,,,11100
371,340,,0,,,,,11100
372,341,,0,,,,,0
373,,,0,,,,,
374,342,,0,,,,,0
376,344,,0,,,,Afaith^S|,0
377,345,,0,,,,,
379,,,0,,,,,
380,347,,0,,,,,0
381,348,,0,,,,Aneighbor^n|,0
382,349,,0,,,,,0
383,,,0,,,,,
384,351,,0,,,,Alife^S|Amaster^S|Aking^S|,
385,352,,0,,,,,0
386,353,,0,,,,,11100
387,354,,0,,,,,
388,377,,0,,,,,0
389,356,,0,,,,,0
391,358,,0,,,,,
392,359,,0,,,,,0
393,360,,0,,,,,0
394,361,,0,,,,Ameaning^n|,11100
395,,,0,,,,,
396,362,,0,,,,,
397,364,,0,,,,,
398,363,,0,,,,,
399,365,,0,,,,,0
400,366,,0,,,,Acorner^n|,0
401,367,,0,,,,,0
402,368,,0,,,,,11100
403,369,,0,,,,,11100
404,370,,0,,,,Apower^S|,0
405,372,,0,,,,,0
406,371,,0,,,,,11000
407,373,,0,,,,,0
408,374,,0,,,,,0
409,375,,0,,,,,0
410,376,,0,,,,,0
411,378,,0,,,,,11100
412,379,,0,,,,,
413,380,,0,,,,,0
414,381,,0,,,,,
415,383,,0,,,,,0
416,382,,0,,,,Acity^S|,0
417,384,,0,,,,,11100
418,385,,0,,,,Aguest^S|Akingdom^S|Alife^S|Aofficial^S|Aservant^S|Aconcubine^S|,0
419,386,,0,,,,,0
420,387,,0,,,,,0
422,389,,0,,,,,0
423,390,,0,,,,,
424,391,,0,,,,,
425,392,,0,,,,,
426,397,,0,,,,,0
427,393,,0,,,,,
428,394,,0,,,,,0
429,395,,0,,,,Aking^S|Amaster^S|,
430,396,,0,,,,,0
431,398,,0,,,,,
432,399,,0,,,,Aperson^S|Abag^S|Aregion^S|,0
433,399,,0,,,,Aperson^n|Atribe^n|Aregion^n|Asoldier^n|Aman^n|,0
434,401,,0,,,,,0
435,402,,0,,,,,0
436,403,,0,,,,,0
437,404,,0,,,,,
438,405,,0,,,,,0
439,406,,0,,,,,
440,407,,0,,,,,
441,408,,0,,,,,11100
442,409,,0,,,,,
443,410,,0,,,,,
444,411,,0,,,,,0
445,412,,0,,,,,0
446,413,,0,,,,,0
447,418,,0,,,,,0
448,420,,0,,,,,0
449,421,,0,,,,,0
450,422,,0,,,,,
451,423,,0,,,,,0
452,414,,0,,,,,0
453,424,,0,,,,,0
454,426,,0,,,,,0
455,428,,0,,,,,
456,429,,0,,,,,
457,430,,0,,,,,0
458,431,,0,,,,,0
459,432,,0,,,,,0
460,433,,0,,,,,0
461,434,,0,,,,,0
462,435,,0,,,,,0
463,437,,0,,,,,0
464,438,,0,,,,,0
465,439,,0,,,,,0
468,442,,0,,,,,0
469,444,,0,,,,,0
470,415,,0,,,,Aland^n|,0
471,416,,0,,,,Aborder^n|,0
472,417,,0,,,,,0
473,446,,0,,,,,0
474,449,,0,,,,,0
475,419,,0,,,,,0
476,425,,0,,,,Aeast^n|AGod^n|Aperson^n|Anorth^n|,0
477,427,,0,,,,,
478,436,,0,,,,Aregion^n|,0
479,443,,0,,,,,0
480,445,,0,,,,,0
481,447,,0,,,,,0
482,448,,0,,,,,0
483,450,,0,,,,,0
484,452,,0,,,,,
485,451,,0,,,,,
486,453,,0,,,,,0
487,454,,0,,,,,0
488,455,,0,,,,,0
489,456,,0,,,,,0
490,457,,0,,,,,
491,458,,0,,,,,
492,459,,0,,,,,
493,460,,0,,,,,
494,461,,0,,,,,0
495,462,,0,,,,,0
496,463,,0,,,,,0
497,464,,0,,,,,
498,465,,0,,,,,
499,466,,0,,,,Anest^S|Abird^nS|,0
500,467,,0,,,,,0
501,469,,0,,,,,11100
502,470,,0,,,,,0
503,471,,0,,,,,0
504,472,,0,,,,,0
505,473,,0,,,,,0
506,474,,0,,,,,11100
507,475,,0,,,,,
508,476,,0,,,,Afield^n|,0
509,477,,0,,,,,
510,478,,0,,,,,0
511,478,,0,,,,,11100
512,479,,0,,,,Bbottom^n|Adoor^n|Amiddle^n|Aside^n|Atop^n|Awall^n|Bback^n|,0
513,228,,0,,,,Awall^S|Aside^S|Adoor^n|,0
514,480,,0,,,,Afriend^S|Aservant^S|Abride^S|Aworker^S|Aservant/Aworker^|Atown^S|,0
515,481,,0,,,,Alamp^n|Apart^n|Aside^n|,0
516,481,,0,,,,Alamp^S|,
517,482,,0,,,,Astone^S|,0
519,484,,0,,,,,0
520,485,,0,,,,Aplace^S|,0
522,489,,0,,,,,
523,487,,0,,,,,0
524,488,,0,,,,,
525,490,,0,,,,,
526,491,,0,,,,,0
527,492,,0,,,,,
528,493,,0,,,,,0
529,494,,0,,,,,0
530,495,,0,,,,,0
531,496,,0,,,,,11100
532,497,,0,,,,Afloor^B|,0
533,497,,0,,,,,0
534,498,,0,,,,,11100
535,499,,0,,,,Aedge^|Acenter^|,0
536,500,,0,,,,,0
537,502,,0,,,,Aname^S|,0
538,503,,0,,,,,0
539,504,,0,,,,,0
540,505,,0,,,,Acity^|,0
541,506,,0,,,,,11100
542,507,,0,,,,Ashadow^S|,0
544,509,,0,,,,,0
545,510,,0,,,,,11100
546,511,,0,,,,,11100
547,512,,0,,,,,0
548,513,,0,,,,,11100
549,1093,,0,,,,Afriend^S|,11100
553,517,,0,,,,Aslave^S|Aage^S|AGod^S|Abag^S|Aprince^S|Acow^S|Aanimal^S|Aland^S|Amaster^S|Aenemy^S|,0
554,517,,0,,,,,11100
555,518,,0,,,,,11100
556,519,,0,,,,,11100
557,520,,0,,,,Awall^nB|Acorner^|Astone^S|Aoutside^|Ayard^S|,0
558,521,,0,,,,,
559,522,,0,,,,,11100
560,523,,0,,,,,
561,524,,0,,,,Akind^n|Ashadow^n|,0
562,525,,0,,,,,11100
563,526,,0,,,,,0
564,527,,0,,,,,
565,528,,0,,,,,0
566,529,,0,,,,Apicture^S|Aname^S|,0
567,,,0,,,,,0
568,530,,0,,,,,0
569,531,,0,,,,,11100
570,532,,0,,,,,0
571,533,,0,,,,Aoffering^S|Alife^S|Agift^S|,0
572,534,,0,,,,,0
575,535,,0,,,,,0
576,536,,0,,,,,0
577,537,,0,,,,AGod^S|Aman^S|,0
578,538,,0,,,,,11100
579,539,,0,,,,,0
580,540,,0,,,,Anumber^n|,11100
581,541,,0,,,,Anorth^n|APhilistine^n|,0
582,542,,0,,,,,0
583,543,,0,,,,Aland^n|Aregion^n|Aborder^n|,0
584,544,,0,,,,Aborder^S|,0
585,545,,0,,,,,0
586,546,,0,,,,,11100
587,547,,0,,,,,0
588,548,,0,,,,,0
589,549,,0,,,,Aservant^S|Afriend^S|,11100
590,550,,0,,,,,0
591,551,,0,,,,,0
592,552,,0,,,,,0
593,553,,0,,,,,11100
594,554,,0,,,,,0
595,555,,0,,,,,0
596,556,,0,,,,,11100
597,557,,0,,,,,0
598,558,,0,,,,,0
600,560,,0,,,,,
601,,,0,,,,,
602,561,,0,,,,,
603,562,,0,,,,,11100
604,563,,0,,,,,0
605,564,,0,,,,,0
606,565,,0,,,,,11100
608,567,,0,,,,,0
609,568,,0,,,,,
610,,,0,,,,,
611,569,,0,,,,,0
612,570,,0,,,,Asound^n|Awheel^n|,11100
613,571,,0,,,,,11100
614,572,,0,,,,,0
615,573,,0,,,,,11100
616,574,,0,,,,,0
617,575,,0,,,,Apicture^n|,11100
618,576,,0,,,,,0
620,578,,0,,,,,11100
621,580,,0,,,,Aaction^S|Aline^S|AGod^S|Astar^S|Aage^S|Aenemy^S|Anumber^n|,0
622,581,,0,,,,,
623,,,0,,,,,
624,582,,0,,,,Aday^n|Adeath^S|AGood-News^n|Aauthority^S|Arepresentative^S|Amessage^S|Aworker^S|Asoldier^S|Apower^S|Alove^S|Apath^S|,0
625,583,,0,,,,Adeath^S|Apower^S|,0
626,584,,0,,,,Agroup^|,11100
627,585,,0,,,,Agarden^B|Aleader^n|Aservant^n|,11100
628,585,,0,,,,,11100
630,587,,0,,,,,
631,588,,0,,,,Apicture^n|Ashape^n|,0
632,589,,0,,,,,11100
633,591,,0,,,,Aeast^nB|Agate^nB|Awall^nB|Bwall^nB|Awest^nB|Aname^S|Aleader^n|Agate-Fountain^|Astep^|AGomorrah^|ASodom^|,0
634,590,,0,,,,,
635,592,,0,,,,,0
636,593,,0,,,,Aleader^|,11100
637,595,,0,,,,,0
638,596,,0,,,,,0
639,597,,0,,,,,0
640,598,,0,,,,,11100
641,599,,0,,,,,11100
642,600,,0,,,,,0
643,600,,0,,,,,0
644,601,,0,,,,Aedge^n|Apiece^|,0
645,602,,0,,,,Apillar^n|Ashadow^S|Apost^|,0
646,603,,0,,,,,11100
647,604,,0,,,,,0
648,605,,0,,,,,11100
649,606,,0,,,,,0
651,609,,0,,,,,0
652,610,,0,,,,,0
654,612,,0,,,,,11100
655,613,,0,,,,,11100
656,614,,0,,,,,11000
658,616,,0,,,,,11100
659,617,,0,,,,,11100
660,618,,0,,,,,11100
661,619,,0,,,,,11100
662,620,,0,,,,Adoor^n|Afire^n|,0
663,621,,0,,,,Apot^|,0
664,622,,0,,,,,
665,624,,0,,,,,
666,625,,0,,,,Astone^B|,0
667,626,,0,,,,,11100
668,623,,0,,,,,
670,628,,0,,,,,11100
671,629,,0,,,,Agod^n|Aofficial^n|Aperson^n|Aglory^n|Aman^n|,0
672,630,,0,,,,,0
673,631,,0,,,,ASanhedrin^n|,0
674,632,,0,,,,Amiddle^n|Atemple^n|Aentrance^|,11100
675,633,,0,,,,,11100
676,634,,0,,,,Ablood^n|Aark^|AYahweh^|AGod^|Bsign^n|Asign^|,11100
677,635,,0,,,,,0
678,636,,0,,,,Aline^S|,0
679,637,,0,,,,,0
680,638,,0,,,,,0
681,639,,0,,,,,11100
682,640,,0,,,,,0
683,641,,0,,,,Atop^n|Bwood^n|Aenemy^n|,0
685,643,,0,,,,,11100
686,645,,0,,,,,
687,,,0,,,,,
688,646,,0,,,,Aedge^|,0
689,,,0,,,,,0
690,646,,0,,,,,
691,647,,0,,,,,0
692,648,,0,,,,,0
693,650,,0,,,,,0
694,649,,0,,,,,0
696,652,,0,,,,,11100
697,653,,0,,,,,0
698,654,,0,,,,,11100
699,655,,0,,,,,0
700,656,,0,,,,,0
701,657,,0,,,,,0
702,658,,0,,,,,0
703,659,,0,,,,Atemple^S|Aidol^Sn|Apriest^S|Aplace^S|,0
704,660,,0,,,,Aarea^n|,
705,661,,0,,,,,0
706,662,,0,,,,Anorth^n|,0
707,663,,0,,,,Acamp^S|Asoldier^S|Aperson^S|Atribe^S|,0
708,664,,0,,,,,0
709,665,,0,,,,Aperson^nS|Aman^n|,0
710,664,,0,,,,,0
711,668,,0,,,,,
712,666,,0,,,,Aenemy^S|Afriend^S|AGod^S|ALord^S|Aname^S|Aprayer^S|Aprince^S|Asin^S|Athought^S|Avision^S|Aword^S|Awork^S|CLord^S|Adream^S|Aplace^S|Acity^S|Aperson^S|Acountry^S|Alord^S|Blife^S|,0
713,666,,0,,,,,0
714,669,,0,,,,,0
715,670,,0,,,,,
716,671,,0,,,,Aname^S|Asoldier^S|Abed^S|Aservant^S|Anation^S|Anation/Akingdom^|Akingdom^S|,0
717,672,,0,,,,,0
718,673,,0,,,,,
719,674,,0,,,,,0
720,675,,0,,,,Apower^S|Aname^S|Aservant^S|Afriend^S|Amaster^S|Aword^S|Aworker^S|,0
721,676,,0,,,,,11100
722,677,,0,,,,Afriend^S|Akingdom^S|Aman^S|BLord^S|Apocket^S|Asoldier^S|Aarmy^S|Aenemy^S|Ashepherd^S|Amaster^S|Aharp^S|Aofficer^S|Aking^S|Avoice^S|Aservant^S|AGod^S|Areward^S|Aplan^S|Atrouble^S|Acity^S|Aofficial^S|Asecretary^S|Asin^S|Aword^S|Apromise^S|Aguard^S|Aslave/Aconcubine^|Aconcubine^S|Aperson^S|Agroup^S|Aslave^S|Apriest^S|Astone^S|Atower^S|Aankle^S|Alamp^S|Acountry^S|Aprayer^S|Asoul^S|Alife^S|Athrone^S|Aname^S|Akingdom/Anation^|Alord^S|Alyre^S|,0
723,678,,0,,,,Adate^S|Aend^n|ALord^n|Aevening^|Anumber^n|Bend^|,0
724,678,,0,,,,,0
725,679,,0,,,,,11100
726,,,0,,,,,11100
727,681,,0,,,,Apit^n|Awave^n|Arope^n|Atrap^n|Ashadow^n|,0
728,683,,0,,,,,0
729,682,,0,,,,,0
730,684,,0,,,,Atree^S|Asoul^S|,0
731,685,,0,,,,,
732,686,,0,,,,Aregion^n|Aarea^n|,
733,687,,0,,,,,11100
734,688,,0,,,,,0
735,689,,0,,,,Akind^|,11100
736,690,,0,,,,,
737,691,,0,,,,,0
738,692,,0,,,,,0
739,693,,0,,,,Achief^n|Aauthority^S|,11100
740,695,,0,,,,,
741,696,,0,,,,Aenemy^S|AGod^S|Anumber^n|Aleader^n|Achief^n|Avoice^S|,11100
742,697,,0,,,,Aanimal^B|,0
744,700,,0,,,,,0
745,701,,0,,,,,
746,702,,0,,,,,0
747,703,,0,,,,,
748,698,,0,,,,,0
749,704,,0,,,,,0
750,705,,0,,,,,
751,706,,0,,,,,0
752,707,,0,,,,,0
753,708,,0,,,,,11100
754,709,,0,,,,,11100
755,710,,0,,,,,0
757,712,,0,,,,,0
758,,,0,,,,,11100
759,713,,0,,,,,0
760,714,,0,,,,,0
761,715,,0,,,,,0
762,716,,0,,,,,0
763,717,,0,,,,,0
764,718,,0,,,,,0
765,719,,0,,,,Afriend^S|AGod^S|Ahouse^S|Aname^S|Aneighbor^S|Apower^S|Aprayer^S|Asin^S|Aslave^S|Atreasure^S|Aenemy^S|Alife^S|Afaith^S|Aservant^S|Bservant^S|Agroup^S|Ateacher^S|Apeace^S|Amessage^S|,11100
766,720,,0,,,,Akind^n|,0
767,721,,0,,,,,0
768,722,,0,,,,,0
769,723,,0,,,,,0
770,724,,0,,,,,11100
771,725,,0,,,,,0
773,726,,0,,,,,
774,727,,0,,,,,0
775,728,,0,,,,,0
776,729,,0,,,,,0
777,730,,0,,,,,11100
778,731,,0,,,,Awidth^n|,0
779,732,,0,,,,,0
780,733,,0,,,,,0
781,734,,0,,,,,11100
782,735,,0,,,,,11100
783,736,,0,,,,Ameaning^n|Ameaning/Amystery^|Amystery^n|,0
784,737,,0,,,,,0
785,738,,0,,,,,0
786,739,,0,,,,,0
787,740,,0,,,,,0
788,741,,0,,,,,0
789,742,,0,,,,,0
790,743,,0,,,,,0
791,744,,0,,,,Apiece^n|,0
792,745,,0,,,,,11100
793,746,,0,,,,,0
795,748,,0,,,,AGod^n|Amiddle^n|Apart^n|Aperson^n|Bkingdom^n|Adust^n|Apillar^n|Afloor^S|Alight^n|Akingdom^n|Asalt^n|Aplace^S|Blight^|Anation^n|,0
796,,,0,,,,,11100
797,749,,0,,,,,0
798,750,,0,,,,,0
799,751,,0,,,,,0
800,752,,0,,,,,0
801,753,,0,,,,,0
802,754,,0,,,,,0
803,,,0,,,,,0
804,755,,0,,,,Agarden^|,0
805,756,,0,,,,,0
807,759,,0,,,,Amountain^n|Aborder^S|,0
808,758,,0,,,,,0
809,760,,0,,,,Aleader^n|,0
810,761,,0,,,,,0
811,762,,0,,,,,0
812,763,,0,,,,,
813,765,,0,,,,Aservant^S|,0
814,764,,0,,,,,0
815,766,,0,,,,Aeast^n|Aperson^n|Ariver^n|Aborder^n|Aofficial^n|Apart^n|Ahouse^n|Aarmy^n|Aland^n|Awater^n|Afield^n|Aground^n|Agod^n|Achariot^n|Astream^n|Asecret^n|Acity^n|,0
816,766,,0,,,,Aarmy^S|Asoldier^S|,0
817,767,,0,,,,Apower^S|Aenemy^S|Aslave^S|Aarmy^S|Asoldier^S|Areligion^S|Agod^S|,0
818,767,,0,,,,,
819,768,,0,,,,,0
820,769,,0,,,,,0
821,770,,0,,,,,0
822,779,,0,,,,,0
823,771,,0,,,,,0
824,772,,0,,,,,0
825,816,,0,,,,,0
826,773,,0,,,,,
827,774,,0,,,,,0
828,777,,0,,,,,0
829,775,,0,,,,,0
830,778,,0,,,,,
831,780,,0,,,,,0
832,781,,0,,,,,11100
833,782,,0,,,,,0
834,783,,0,,,,,
835,784,,0,,,,Achair^S|Aservant^S|,0
836,,,0,,,,,0
837,785,,0,,,,Aheight^S|,0
838,786,,0,,,,,
839,787,,0,,,,,
840,788,,0,,,,,0
841,789,,0,,,,,
842,790,,0,,,,Ason^|,
843,791,,0,,,,,0
846,794,,0,,,,Aspirit^S|Acow^S|AGod^S|Aplan^S|Astructure^S|Abull^S|Aaltar^S|Acow/Abull^|Aprayer^S|Astructure/Aaltar^|,0
847,795,,0,,,,,
848,796,,0,,,,,0
849,797,,0,,,,,0
850,798,,0,,,,,
851,799,,0,,,,,0
852,800,,0,,,,,
853,801,,0,,,,Aservant^S|AGod^S|,0
854,802,,0,,,,,0
855,803,,0,,,,,
856,804,,0,,,,,0
857,805,,0,,,,,
858,806,,0,,,,,
859,807,,0,,,,ALord^S|Aneighbor^S|Afriend^S|,0
860,808,,0,,,,,0
861,809,,0,,,,,0
862,810,,0,,,,,0
863,811,,0,,,,,0
864,812,,0,,,,,
865,814,,0,,,,,0
866,813,,0,,,,,0
867,815,,0,,,,,
868,817,,0,,,,,0
869,818,,0,,,,,0
870,819,,0,,,,,0
871,820,,0,,,,,
872,821,,0,,,,,0
873,822,,0,,,,,0
874,823,,0,,,,,0
875,824,,0,,,,,0
876,825,,0,,,,Apicture^S|Aname^S|Abook^S|,11100
877,832,,0,,,,,0
880,835,,0,,,,,0
881,836,,0,,,,,0
882,837,,0,,,,,0
883,840,,0,,,,,
884,841,,0,,,,,0
885,842,,0,,,,,0
886,843,,0,,,,,0
887,826,,0,,,,,0
888,827,,0,,,,,0
889,828,,0,,,,,11100
890,829,,0,,,,Atime^n|,0
891,829,,0,,,,Atime^|,
892,830,,0,,,,,0
893,831,,0,,,,Acity^S|Asoldier^S|Aday^S|Anation^S|Alife^S|ADavid^S|Afriend^S|Aprisoner^S|,0
894,838,,0,,,,,0
895,,,0,,,,,0
896,839,,0,,,,,0
897,844,,0,,,,,0
898,845,,0,,,,,0
899,846,,0,,,,,0
900,847,,0,,,,,0
901,848,,0,,,,,0
902,849,,0,,,,,0
903,850,,0,,,,,0
904,851,,0,,,,,0
905,852,,0,,,,,0
906,853,,0,,,,,11100
907,854,,0,,,,,
908,855,,0,,,,Amountain^n|Atribe^n|Aname^S|,0
909,855,,0,,,,Aperson^n|Atribe^n|Asoldier^nS|Aman^n|Aregion^n|Amountain^n|Afamily^n|Aborder^S|Afamily/Aclan^|Aclan^n|,0
910,857,,0,,,,,
911,858,,0,,,,,0
912,859,,0,,,,,0
913,860,,0,,,,Aland^S|Amaster^S|Afield^S|Cfield^S|Aregion^|,0
914,861,,0,,,,,0
915,862,,0,,,,,0
916,863,,0,,,,,0
917,864,,0,,,,Amaster^S|Aservant^S|Aslave^S|Aman^S|,0
918,865,,0,,,,,0
919,866,,0,,,,,0
920,867,,0,,,,,0
921,868,,0,,,,,0
922,869,,0,,,,,0
923,870,,0,,,,,0
924,871,,0,,,,,0
925,872,,0,,,,,0
926,873,,0,,,,Acountry^S|Aservant^S|Aeunuch^S|Aking^S|Areport^S|Aplan^S|,0
927,873,,0,,,,,0
928,776,,0,,,,,0
929,878,,0,,,,,0
930,874,,0,,,,,0
931,875,,0,,,,,
932,876,,0,,,,,
933,877,,0,,,,,0
934,879,,0,,,,Aname^S|,11100
935,880,,0,,,,,0
936,881,,0,,,,,
937,882,,0,,,,Afriend^S|Asin^S|,0
938,883,,0,,,,,0
939,884,,0,,,,Ameaning^n|,0
940,885,,0,,,,,0
941,886,,0,,,,,11100
942,887,,0,,,,,
944,889,,0,,,,,0
945,890,,0,,,,,0
946,891,,0,,,,,0
947,,,0,,,,,0
948,892,,0,,,,,0
949,893,,0,,,,,0
950,894,,0,,,,,0
951,895,,0,,,,,
952,896,,0,,,,,0
953,896,,0,,,,,
954,897,,0,,,,,
955,898,,0,,,,,0
956,899,,0,,,,,11100
957,900,,0,,,,,0
958,901,,0,,,,Alivestock^S|Alamb^S|Ahouse^S|Aleader^n|Akinsman-redeemer^S|Aproperty^S|Asheep^S|Agoat^S|Acow^S|Atown^S|Aperson^|Achief^n|,0
959,901,,0,,,,,0
960,902,,0,,,,,11100
962,904,,0,,,,Aanimal^S|,0
963,905,,0,,,,Acrop^S|,11100
964,906,,0,,,,,0
965,907,,0,,,,Acommand^S|AGod^S|Aname^S|Aservant^S|Aslave^S|Atomb^S|Apromise^S|Afriend^S|Aplan^S|Aenemy^S|Asoldier^S|Aword^S|Alist/Agenealogy^|Arelationship^S|Apower^S|Akingdom^S|,0
966,908,,0,,,,Aglory^S|Akingdom^S|Aname^S|ASon^S|Aside^S|Ahouse^S|Ahand^S|Aservant^S|Aword^S|Bkingdom^S|AHoly-Spirit^S|,0
967,908,,0,,,,,0
968,909,,0,,,,,11100
969,910,,0,,,,Awedding^P|Aname^n|Ameal^n|Aday^n|,11100
970,911,,0,,,,,
971,912,,0,,,,,0
972,913,,0,,,,,0
973,914,,0,,,,,0
974,915,,0,,,,Aday^n|,0
975,916,,0,,,,,0
976,917,,0,,,,,0
977,918,,0,,,,,0
978,919,,0,,,,Aprice^n|Aborder^n|,0
979,919,,0,,,,,0
980,919,,0,,,,Aborder^S|,0
981,920,,0,,,,,0
982,921,,0,,,,,0
983,922,,0,,,,Apillar^n|,0
984,923,,0,,,,Apiece^n|Akind^|,0
986,925,,0,,,,,11100
987,926,,0,,,,,11100
988,927,,0,,,,,11100
989,928,,0,,,,Acrop/Astalk^|Astalk^B|,0
990,929,,0,,,,,11000
991,930,,0,,,,,0
992,932,,0,,,,,11100
994,934,,0,,,,,0
995,935,,0,,,,Aamount^|,0
996,936,,0,,,,Aclothes^n|Acircle^n|Apicture^n|,0
997,1647,,0,,,,Aflower^|,
998,937,,0,,,,Asound^n|,11100
999,938,,0,,,,,0
1001,940,,0,,,,Aamount^n|Abasket^n|Agift^n|Aoffering^n|Akind^n|Apiece^n|,0
1002,940,,0,,,,,0
1003,2007,,0,,,,,11100
1004,941,,0,,,,,0
1006,943,,0,,,,Acity^S|,11100
1007,944,,0,,,,,11100
1008,945,,0,,,,,0
1009,946,,0,,,,,0
1010,,,0,,,,,11100
1011,947,,0,,,,,0
1012,948,,0,,,,Awidth^n|,
1013,949,,0,,,,,11100
1014,950,,0,,,,Afriend^S|,0
1015,951,,0,,,,,0
1016,,,0,,,,,0
1017,952,,0,,,,,0
1018,953,,0,,,,,0
1019,954,,0,,,,Agarden^|Apicture^n|,0
1020,954,,0,,,,,
1021,955,,0,,,,,0
1022,956,,0,,,,Afire^n|,11100
1023,957,,0,,,,,0
1024,958,,0,,,,Asoldier^S|,0
1025,959,,0,,,,,
1026,960,,0,,,,,
1027,961,,0,,,,Aname^S|,0
1028,963,,0,,,,,0
1029,962,,0,,,,,0
1030,964,,0,,,,Aregion^|,
1031,965,,0,,,,,0
1032,966,,0,,,,,
1033,967,,0,,,,,
1034,,,0,,,,,0
1035,968,,0,,,,,0
1037,970,,0,,,,,0
1038,971,,0,,,,,11100
1039,972,,0,,,,Afloor^B|Amiddle^n|Aside^n|Aname^n|Agate^n|Atree^n|,0
1040,973,,0,,,,,
1041,974,,0,,,,,0
1042,987,,0,,,,,0
1043,975,,0,,,,,
1044,983,,0,,,,,
1045,976,,0,,,,,
1046,977,,0,,,,,
1047,978,,0,,,,,
1048,979,,0,,,,,
1049,980,,0,,,,,
1050,981,,0,,,,,
1051,982,,0,,,,,
1052,984,,0,,,,,
1053,985,,0,,,,,
1054,986,,0,,,,,
1055,988,,0,,,,,0
1056,989,,0,,,,,0
1057,990,,0,,,,,0
1058,991,,0,,,,,0
1059,992,,0,,,,,
1060,1001,,0,,,,,
1061,993,,0,,,,,0
1062,994,,0,,,,,0
1063,995,,0,,,,,
1064,996,,0,,,,,0
1065,997,,0,,,,,0
1066,998,,0,,,,,0
1067,999,,0,,,,,0
1068,1000,,0,,,,,0
1069,1002,,0,,,,,0
1070,1003,,0,,,,Aamount^n|,11100
1071,1004,,0,,,,,11100
1072,1005,,0,,,,Aperson^n|,11100
1073,1006,,0,,,,,0
1074,1007,,0,,,,,0
1075,1008,,0,,,,Aprayer^S|AGalilee^n|,11100
1076,1009,,0,,,,,0
1077,1010,,0,,,,,0
1078,1011,,0,,,,Acity^n|,0
1079,1012,,0,,,,,
1080,1013,,0,,,,,
1081,1014,,0,,,,,11100
1082,1015,,0,,,,,0
1083,1016,,0,,,,,0
1085,1017,,0,,,,,
1086,1018,,0,,,,Aperson^n|,0
1087,1019,,0,,,,,
1088,1020,,0,,,,,0
1089,1021,,0,,,,,0
1090,1022,,0,,,,,0
1091,1023,,0,,,,,11100
1092,1024,,0,,,,,
1093,1025,,0,,,,,11100
1094,1026,,0,,,,,0
1095,1027,,0,,,,Aman^n|Aperson^n|,0
1097,1029,,0,,,,,0
1098,1030,,0,,,,,0
1099,1031,,0,,,,Acity^S|,
1100,1032,,0,,,,,
1101,1033,,0,,,,ALord^S|Aoffering^S|AGod^S|Asoldier^S|Acamp^S|Aservant^S|Agroup^S|Aarmy^S|,0
1102,1034,,0,,,,,0
1103,1035,,0,,,,,0
1104,,,0,,,,,0
1105,1036,,0,,,,,0
1106,1037,,0,,,,,
1107,1038,,0,,,,Amountain^n|Afield^n|Ahill^n|,0
1108,1040,,0,,,,Aman^n|Aregion^n|Asoldier^n|,0
1109,1039,,0,,,,,0
1110,1041,,0,,,,,0
1111,1042,,0,,,,,0
1112,,,0,,,,,
1113,1043,,0,,,,,
1114,1044,,0,,,,,0
1115,1045,,0,,,,Acountry^S|Amaster^S|Alanguage^S|,0
1116,1046,,0,,,,,0
1117,1047,,0,,,,,
1118,1048,,0,,,,,
1119,1049,,0,,,,,
1120,1050,,0,,,,,11100
1121,1051,,0,,,,,0
1122,1052,,0,,,,,11100
1123,1053,,0,,,,,0
1124,1054,,0,,,,,11100
1125,1055,,0,,,,,
1126,1056,,0,,,,,0
1127,1057,,0,,,,,
1128,1058,,0,,,,Aangel^S|Aauthority^S|Acamp^S|Acity^S|Acommandment^S|Acovenant^S|Aenemy^S|Afriend^S|AHoly-Spirit^S|Akingdom^S|Alaw^S|Amessage^S|Amessenger^S|AMessiah^S|Amystery^S|Aname^S|Aperson^S|Aplan^S|Apower^S|Aprophet^S|Aright^S|Aservant^S|Aspirit^S|Atemple^S|Awell^S|Awisdom^S|Aword^S|Aside^S|Abook^S|Alight^S|Atruth^S|Agroup^S|AGentile^S|Awork^S|Blaw^S|Aarmy^S|ABethel^n|Apromise^S|Achild^nS|Arainbow^S|Acurve^S|Ahouse^S|Aman^nS|ASon^n|Aark-of-the-covenant^S|Bpower^S|Bkingdom^S|Amountain^n|Astick^S|Aday^S|Ainstruction^S|Aaltar^S|Astaff^S|Asaint^S|Apeace^S|Aperson/Asaint^|Atent^S|Acommand^S|Aservant/Aprophet^|Alamp^S|Aglory^S|ASpirit^nS|Aheart^S|Aark^S|Clight^S|Athing^n|Agrace^S|Aman/Aprophet^|Aimage^S|Bark^S|Aanger^S|Aanger/Awrath^|Arelationship^S|AGood-News^S|Arighteousness^S|Acommand/Acommandment^|Apromise/Acovenant^|ALaw^S|Afield^S|Abuilding^S|Asoul^S|ABook-of-the-Law^S|Astructure/Aaltar^|,0
1129,1062,,0,,,,Amessage^|,0
1130,1061,,0,,,,Aname^n|Aspirit^n|Atemple^n|Apriest^n|Aslave^S|Apriest/Aprophet^|Aprophet^S|Aark-of-the-covenant^S|Atemple/Atreasury^|Atreasury^S|Aperson^S|Bark^S|,0
1131,1059,,0,,,,,0
1132,"1063,1060",,0,,,,Apriest^n|Akingdom^n|Aname^S|Aperson^S|Avoice^S|Aenemy^S|,0
1133,1064,,0,,,,,0
1134,1065,,0,,,,Aneighbor^n|,0
1135,1066,,0,,,,Aamount^n|,0
1136,1067,,0,,,,,0
1137,1068,,0,,,,Aword^S|Aweapon^S|,0
1138,1069,,0,,,,,0
1139,1070,,0,,,,Aarmy^n|,0
1140,1073,,0,,,,,0
1141,"1075,1072",,0,,,,Awork^n|,0
1142,1071,,0,,,,,11100
1143,1074,,0,,,,,0
1144,1076,,0,,,,Asoldier^S|,0
1145,1077,,0,,,,Aname^S|Afood^S|,11100
1146,1078,,0,,,,,0
1147,1079,,0,,,,,11100
1148,1081,,0,,,,Anumber^n|Abag^n|Afield^n|Agift^|Apart^|Aoffering^B|,0
1149,1080,,0,,,,,0
1150,1082,,0,,,,,0
1152,1084,,0,,,,,11100
1153,1085,,0,,,,AGod^S|Akingdom^S|,0
1154,1086,,0,,,,,11100
1156,1088,,0,,,,Apart^n|,0
1157,1089,,0,,,,,11000
1158,1090,,0,,,,,0
1159,1091,,0,,,,Akingdom^n|,0
1161,1094,,0,,,,,0
1162,1095,,0,,,,Aperson^n|,0
1164,1099,,0,,,,,0
1165,1100,,0,,,,,0
1166,,,0,,,,,0
1167,,,0,,,,,0
1168,1101,,0,,,,,
1169,1102,,0,,,,Acity^S|,0
1170,1103,,0,,,,Aofficer^S|Aarmy^S|,
1171,1104,,0,,,,,0
1172,1105,,0,,,,,0
1173,1106,,0,,,,,
1174,1107,,0,,,,,0
1175,1108,,0,,,,,0
1176,1109,,0,,,,,
1177,1110,,0,,,,Amaster^S|,0
1178,,,0,,,,,0
1179,1111,,0,,,,,
1180,1112,,0,,,,,0
1182,1114,,0,,,,,11100
1183,1115,,0,,,,Anumber^n|,0
1184,1115,,0,,,,,0
1185,1115,,0,,,,,0
1186,1116,,0,,,,,
1187,1117,,0,,,,,0
1188,1118,,0,,,,,
1189,1119,,0,,,,,
1190,1120,,0,,,,,0
1191,1121,,0,,,,,0
1192,1122,,0,,,,,
1193,1123,,0,,,,,
1194,1125,,0,,,,,0
1195,1124,,0,,,,,0
1196,1126,,0,,,,Afriend^S|Alife^S|Aplan^S|Aservant^S|,0
1197,1127,,0,,,,,
1198,1128,,0,,,,,0
1199,1129,,0,,,,,0
1200,1130,,0,,,,,0
1201,1131,,0,,,,Asound^n|,0
1202,1132,,0,,,,,0
1203,1133,,0,,,,,0
1204,1134,,0,,,,Aman^S|Awoman^S|,0
1205,1135,,0,,,,,0
1206,1136,,0,,,,,
1207,1137,,0,,,,,0
1208,1138,,0,,,,,0
1210,1140,,0,,,,Avoice^S|Aproblem^S|Aprayer^S|Amaster^S|Aenemy^S|AGod^S|,0
1211,1141,,0,,,,,0
1212,1142,,0,,,,,0
1213,1143,,0,,,,,
1214,1144,,0,,,,,0
1215,1146,,0,,,,,0
1216,1145,,0,,,,,0
1217,1147,,0,,,,,
1218,1148,,0,,,,,0
1219,1149,,0,,,,,11100
1220,1150,,0,,,,,
1221,1151,,0,,,,,
1222,1152,,0,,,,,
1223,1154,,0,,,,,
1224,1153,,0,,,,,
1225,1155,,0,,,,,0
1226,1156,,0,,,,,0
1227,1157,,0,,,,Asound^n|,11100
1228,1158,,0,,,,,
1229,1159,,0,,,,,
1230,1160,,0,,,,,
1231,1161,,0,,,,,
1232,1162,,0,,,,,
1233,1163,,0,,,,,
1234,1165,,0,,,,,
1235,1164,,0,,,,,
1236,1166,,0,,,,,
1237,1167,,0,,,,,
1238,1168,,0,,,,,
1239,1169,,0,,,,,
1240,1170,,0,,,,,11100
1241,1171,,0,,,,,0
1242,1172,,0,,,,,
1243,1173,,0,,,,,
1244,1174,,0,,,,,
1245,1175,,0,,,,,
1246,1176,,0,,,,,0
1247,,,0,,,,,0
1248,1177,,0,,,,,0
1249,1178,,0,,,,,
1250,1179,,0,,,,,0
1251,1181,,0,,,,,0
1252,1182,,0,,,,,0
1253,1180,,0,,,,,0
1254,1183,,0,,,,,0
1255,1184,,0,,,,,0
1256,1185,,0,,,,Aarmy^S|,0
1257,1186,,0,,,,Aarmy^S|,0
1258,1187,,0,,,,,0
1260,1189,,0,,,,,0
1261,,,0,,,,,0
1262,1191,,0,,,,Aarmy^n|Agate^n|AGod^n|Awind^n|Acitizen^n|Bkingdom^n|Akingdom^n|,0
1263,1192,,0,,,,,0
1265,1193,,0,,,,Aword^B|,0
1266,1194,,0,,,,,
1267,,,0,,,,,0
1268,1195,,0,,,,Avalley^n|,0
1269,1195,,0,,,,Aneighbor^n|,0
1270,1196,,0,,,,,
1271,1197,,0,,,,,0
1272,1198,,0,,,,,0
1273,1199,,0,,,,,0
1274,1200,,0,,,,,
1275,1201,,0,,,,,0
1276,1202,,0,,,,,
1277,1203,,0,,,,,0
1278,1204,,0,,,,,0
1279,1205,,0,,,,,
1280,1206,,0,,,,,0
1281,1207,,0,,,,,
1282,1208,,0,,,,,0
1283,1209,,0,,,,,
1284,1210,,0,,,,Afire^n|,11100
1285,,,0,,,,,11100
1286,1211,,0,,,,,11100
1287,1212,,0,,,,,
1288,1213,,0,,,,,0
1289,1214,,0,,,,,
1290,1216,,0,,,,Aland^S|,0
1291,1215,,0,,,,,0
1292,1217,,0,,,,,11100
1293,1218,,0,,,,,0
1294,1220,,0,,,,,0
1295,1221,,0,,,,,0
1296,1222,,0,,,,Asoldier^S|Aquestion^S|Aofficial^S|Aofficer^S|Aguest^S|Ayeast^S|Akingdom^S|Acountry/Akingdom^|Abirthday^S|Asubstance^|,0
1297,1223,,0,,,,,0
1299,1225,,0,,,,,0
1300,1226,,0,,,,,0
1301,1227,,0,,,,,
1302,1228,,0,,,,,
1303,1229,,0,,,,,
1304,1230,,0,,,,,
1305,1231,,0,,,,,0
1306,1232,,0,,,,,0
1307,1233,,0,,,,,
1308,1234,,0,,,,,0
1309,1235,,0,,,,,
1311,1236,,0,,,,,
1312,1238,,0,,,,,0
1313,,,0,,,,,
1314,1239,,0,,,,,11100
1315,1240,,0,,,,,0
1316,1241,,0,,,,Aservant^S|Afriend^S|,
1317,1242,,0,,,,,0
1318,1243,,0,,,,Aregion^Sn|,0
1319,1244,,0,,,,,0
1320,1245,,0,,,,,0
1321,1246,,0,,,,,0
1322,1247,,0,,,,,0
1323,1248,,0,,,,,
1324,1249,,0,,,,,
1325,1250,,0,,,,,
1326,1251,,0,,,,,0
1327,1252,,0,,,,,0
1328,1253,,0,,,,Aentrance^nS|,0
1329,1253,,0,,,,,0
1330,1254,,0,,,,,0
1331,1255,,0,,,,,0
1332,1256,,0,,,,,
1333,1257,,0,,,,Apower^S|,0
1334,1258,,0,,,,,0
1336,1260,,0,,,,Aplace^n|,0
1337,1261,,0,,,,,0
1338,1262,,0,,,,,0
1339,1263,,0,,,,Asoldier^S|Aarmy^S|Aman^S|,0
1340,1264,,0,,,,,0
1341,1265,,0,,,,,0
1342,1266,,0,,,,,0
1343,1267,,0,,,,,0
1344,1268,,0,,,,Aleader^n|,0
1345,1269,,0,,,,,0
1346,1270,,0,,,,Asound^n|,0
1347,1271,,0,,,,,11100
1348,1272,,0,,,,,
1349,1273,,0,,,,,
1350,1274,,0,,,,Asound^n|Anumber^n|Aprice^n|,0
1351,1275,,0,,,,,0
1352,1276,,0,,,,,
1354,1277,,0,,,,,
1355,1278,,0,,,,,
1356,1279,,0,,,,,
1357,1280,,0,,,,,0
1358,1281,,0,,,,Adoor^n|Agate^n|Amaster^n|Aroof^n|Aslave^n|Acourt^|AGod^|Aroom^|Acourtyard^|Awall^|ACaiaphas^|Apriest^|Bmaster^n|,0
1359,1282,,0,,,,,
1361,1284,,0,,,,,0
1362,1285,,0,,,,,0
1363,1286,,0,,,,,0
1364,1287,,0,,,,,0
1365,1288,,0,,,,,0
1366,1289,,0,,,,Aauthority^S|Aname^S|,0
1367,1290,,0,,,,,
1368,1291,,0,,,,Aking^S|Afriend^S|Aplan^S|,
1369,1292,,0,,,,,0
1370,1293,,0,,,,,
1371,1294,,0,,,,AGod^|,0
1372,1295,,0,,,,,11100
1373,1296,,0,,,,Areward^S|,11100
1374,1297,,0,,,,,0
1375,1298,,0,,,,,
1376,1299,,0,,,,,0
1377,1300,,0,,,,Avillage^S|,0
1378,1301,,0,,,,,0
1379,1302,,0,,,,,0
1380,1303,,0,,,,,0
1381,1304,,0,,,,,
1382,1305,,0,,,,,0
1383,1306,,0,,,,Atemple^n|,11100
1384,1307,,0,,,,,
1385,1308,,0,,,,,
1386,1309,,0,,,,,0
1387,1310,,0,,,,,
1388,1311,,0,,,,,
1389,1312,,0,,,,,11100
1390,1313,,0,,,,,
1391,1314,,0,,,,,
1392,1315,,0,,,,,0
1393,1316,,0,,,,,
1394,1317,,0,,,,,11100
1395,1319,,0,,,,,0
1396,1320,,0,,,,,0
1397,1321,,0,,,,,0
1398,1322,,0,,,,,11100
1399,1323,,0,,,,,0
1400,1324,,0,,,,,0
1401,1325,,0,,,,,0
1402,1326,,0,,,,Asound^n|,0
1403,,,0,,,,,11100
1404,1327,,0,,,,,11100
1405,1328,,0,,,,,0
1406,1335,,0,,,,,0
1407,1329,,0,,,,,
1408,1330,,0,,,,,0
1409,1331,,0,,,,,0
1410,1332,,0,,,,,0
1411,1333,,0,,,,,0
1412,1334,,0,,,,,0
1414,1337,,0,,,,,0
1415,1337,,0,,,,,0
1416,1338,,0,,,,,0
1417,1339,,0,,,,,0
1418,1340,,0,,,,Asoldier^S|Aarmy^S|,
1419,1341,,0,,,,,0
1420,1342,,0,,,,,
1421,1343,,0,,,,,0
1422,1344,,0,,,,,0
1423,1345,,0,,,,,0
1425,1347,,0,,,,,0
1426,1349,,0,,,,Aarmy^Sn|AGod^nSn|Akingdom^n|Asoldier^Sn|Atribe^n|Aperson^n|Bjudge^S|Aland^n|Achurch^n|Aofficer^n|Awoman^n|Aenemy^n|Aman^n|Acamp^S|Aofficial^n|Apriest^S|Amountain^S|Aglory^S|Aark-of-the-covenant^S|Agod^S|Astone^S|Aleader^n|Awagon^S|Ckingdom^n|Anation^n|Astrength^|Ahill^|Afamily/Aclan^|Aclan^n|Atribe/Aclan^|Aelder^n|Afamily^n|,0
1427,1348,,0,,,,Aslave^S|Atribe^n|AGod^S|Ashepherd^S|Aperson^n|Asoldier^S|Astrength^S|Astone^n|Blife^S|ARock^n|Aaction^S|Atown^|,0
1428,1349,,0,,,,Aregion^n|Ahill^nn|Aleader^nn|Atown^n|Aperson^n|Aland^n|,0
1429,1349,,0,,,,Aperson^n|Apart^n|Aaction^S|Asin^S|,0
1430,1349,,0,,,,,0
1431,1350,,0,,,,Aslave^S|Aenemy^S|Aneighbor^S|AGod^SnS|Aarmy^S|Acity^S|Aleader^S|Asoldier^S|Ajudge^S|Apower^S|Anumber^n|Aruler^S|Aproblem^S|Acow^S|Awoman^S|Ayear^S|Astick^S|Aside^S|Awork^S|Aservant^S|Atown^S|Aspouse^S|Aoffering^S|Astick/Astaff^|Astaff^S|Atree-olive^S|Acovenant^S|Anation^S|Atribe^S|Abow^S|Acamp^S|Agod^S|Asin^S|Atrouble^S|Aking^S|Aman^S|Aprayer^S|Aname^S|Aland^S|,0
1432,1350,,0,,,,,
1433,1351,,0,,,,Atribe^n|,0
1434,1351,,0,,,,Aperson^n|,0
1435,1353,,0,,,,,
1436,1354,,0,,,,,0
1437,1355,,0,,,,,
1438,1356,,0,,,,,0
1439,1357,,0,,,,,0
1440,1358,,0,,,,,0
1441,1359,,0,,,,,
1442,1360,,0,,,,,
1443,1361,,0,,,,,0
1444,1362,,0,,,,,
1445,1363,,0,,,,,0
1446,1364,,0,,,,,
1447,1365,,0,,,,,0
1448,1366,,0,,,,,0
1449,1367,,0,,,,,0
1450,1368,,0,,,,,0
1451,1369,,0,,,,Aarmy^S|,0
1452,1370,,0,,,,,0
1453,1371,,0,,,,Achain^S|Acountry^S|Afriend^S|AGod^S|Agranddaughter^S|Alife^S|Amaster^S|Aname^S|Aperson^S|Aservant^S|Aslave^S|Atribe^nS|Aword^S|Avoice^S|Ayoke^S|Aproblem^S|Aprayer^S|Blife^S|,0
1454,1372,,0,,,,,
1455,1373,,0,,,,,
1456,1374,,0,,,,,
1457,1375,,0,,,,,0
1458,1376,,0,,,,,0
1459,1377,,0,,,,,0
1460,1378,,0,,,,,0
1461,1379,,0,,,,,0
1462,1381,,0,,,,Avillage^n|,0
1463,1380,,0,,,,,0
1464,1382,,0,,,,,0
1465,1383,,0,,,,,0
1466,1384,,0,,,,,0
1467,1385,,0,,,,,0
1468,,,0,,,,,0
1469,1386,,0,,,,,0
1470,1387,,0,,,,,0
1472,1389,,0,,,,,0
1474,1391,,0,,,,Aslave^S|,0
1475,1393,,0,,,,,0
1476,1392,,0,,,,,0
1477,1394,,0,,,,,0
1478,1395,,0,,,,Atop^|,11100
1479,1396,,0,,,,,0
1480,1397,,0,,,,,0
1481,1398,,0,,,,Abook^S|,0
1482,1399,,0,,,,,
1483,1400,,0,,,,,0
1484,1401,,0,,,,,0
1485,1402,,0,,,,,0
1486,1403,,0,,,,Abone^B|Ahill^n|,0
1487,1404,,0,,,,,0
1488,1405,,0,,,,,0
1489,1406,,0,,,,Acity^S|,0
1490,1407,,0,,,,,
1491,1408,,0,,,,,
1492,1409,,0,,,,,
1493,1410,,0,,,,,
1494,1411,,0,,,,,0
1495,1412,,0,,,,,
1496,1413,,0,,,,,0
1497,1414,,0,,,,,
1498,1415,,0,,,,Aarmy^S|,0
1499,1416,,0,,,,,
1500,1417,,0,,,,,
1501,1418,,0,,,,,
1502,1419,,0,,,,,0
1503,1420,,0,,,,,0
1504,1421,,0,,,,,
1505,1422,,0,,,,,0
1506,1423,,0,,,,Acountry^S|Amessenger^S|Amessage^S|Asoldier^S|,0
1507,1424,,0,,,,,0
1508,1425,,0,,,,,0
1509,1426,,0,,,,Adesert^n|,0
1510,1427,,0,,,,,0
1511,1428,,0,,,,,0
1512,1428,,0,,,,,0
1513,1429,,0,,,,Aplain^n|,0
1514,1430,,0,,,,,0
1515,1431,,0,,,,,0
1516,1432,,0,,,,,
1517,1433,,0,,,,Atemple^n|Awall^n|Agate-Fountain^n|Awall-Broad^|Agate^|,0
1519,1435,,0,,,,,0
1520,1437,,0,,,,,
1521,1436,,0,,,,,
1522,1438,,0,,,,,0
1523,1439,,0,,,,Aapostle^S|Aday^nS|Adisciple^S|Aenemy^S|Afriend^S|Aglory^S|AHoly-Spirit^S|Akingdom^S|Aname^S|Apower^S|Aquestion^S|Arepresentative^S|Aservant^S|Awork^S|Amessage^S|AGod^S|AFather^S|Aauthority^S|Bstory^S|Aword^S|Across^S|Aside^S|Aspirit^S|Atomb^S|Abride^S|Aangel^S|Ahouse^S|Apeace^S|Bkingdom^S|ASpirit^nS|Aright^S|Bpower^S|Agrace^S|Atime^S|Asheep^S|Alist/Agenealogy^|Agenealogy^SnS|Afollower^S|0---^|Afollower/Adisciple^|Adeath^S|Ameal^S|Asoul^S|Aspirit/Asoul^|,0
1524,1440,,0,,,,,
1525,1441,,0,,,,,0
1526,1442,,0,,,,,0
1527,1443,,0,,,,Acountry^S|,0
1528,1444,,0,,,,,0
1529,1445,,0,,,,,0
1530,1446,,0,,,,Aenemy^Sn|Ageneration^n|Aname^Sn|Aleader^n|Aking^S|Aelder^S|,0
1531,1447,,0,,,,,11100
1532,1448,,0,,,,,0
1533,1449,,0,,,,,0
1535,1451,,0,,,,,
1536,1452,,0,,,,,0
1537,1453,,0,,,,,0
1538,1454,,0,,,,Asoldier^S|Aarmy^S|AGod^S|Amaster^S|Aking^S|,0
1539,1455,,0,,,,,0
1540,1456,,0,,,,,0
1541,1457,,0,,,,,0
1542,1458,,0,,,,,0
1543,,,0,,,,,0
1544,1459,,0,,,,Acity^S|,0
1545,1460,,0,,,,,0
1546,1461,,0,,,,,0
1547,1462,,0,,,,,
1548,1463,,0,,,,,0
1549,1463,,0,,,,,0
1550,1464,,0,,,,Aside^n|,0
1551,1465,,0,,,,,
1552,1466,,0,,,,Adisciple^S|Afriend^S|Avillage^S|Awaist^|Afollower/Adisciple^|Aauthority^S|,0
1553,,,0,,,,,0
1554,1467,,0,,,,,
1555,1468,,0,,,,,
1556,1469,,0,,,,,
1557,1470,,0,,,,,0
1558,1471,,0,,,,,0
1559,1472,,0,,,,,
1560,1473,,0,,,,,0
1561,1474,,0,,,,,0
1562,1475,,0,,,,,0
1563,1476,,0,,,,,0
1564,1477,,0,,,,Amaster^S|Aking^S|,
1565,1478,,0,,,,Amessage^S|Asign^n|Agod^S|Aprayer^S|Ajob^S|Aplace^S|Acountry^S|Aperson^S|AGod^S|Alife^S|Asin^S|,0
1566,1478,,0,,,,,0
1567,1479,,0,,,,,0
1568,1480,,0,,,,Afriend^S|Aservant^S|Abow^S|,0
1569,1481,,0,,,,,0
1571,1483,,0,,,,Aside^n|Aeast^n|,0
1572,1485,,0,,,,,0
1573,1486,,0,,,,,0
1574,1487,,0,,,,Abranch^S|Achariot^S|Adoctor^S|Adream^S|Aenemy^S|Afriend^S|Amaster^S|Aname^S|Aplan^S|Apromise^S|Aquestion^S|Asecret^S|Aservant^S|Aslave^S|Atable^S|Avine^S|Awheat^S|Atribe^nS|Aman^n|Acup^S|Arelative^S|Awheat/Asheaf^|Asheaf^S|Apower^S|Arelationship^S|,0
1575,1488,,0,,,,,
1576,1489,,0,,,,Aarmy^S|AGod^S|Amaster^S|Asoldier^S|Aservant^S|Alife^S|Aenemy^S|Aman^S|Acommand^S|Atime^S|,0
1577,1489,,0,,,,,0
1578,1490,,0,,,,,
1579,1491,,0,,,,,0
1580,1492,,0,,,,,11100
1581,1493,,0,,,,,
1583,1495,,0,,,,,0
1584,1496,,0,,,,Aenemy^S|Afriend^S|Aman^S|Aservant^S|Asoldier^S|Amaster^S|Alanguage^S|,0
1585,1497,,0,,,,Aland^n|Aperson^n|Asoldier^S|Aregion^S|Ahill^n|Adesert^n|,0
1586,1496,,0,,,,Aman^n|Atribe^n|Aofficial^n|,0
1588,1498,,0,,,,,0
1589,1499,,0,,,,,0
1590,,,0,,,,,0
1591,1500,,0,,,,Aperson^n|,0
1592,1501,,0,,,,,0
1593,1501,,0,,,,,0
1594,1502,,0,,,,,0
1595,1503,,0,,,,,0
1596,1504,,0,,,,,0
1597,1505,,0,,,,,0
1598,1506,,0,,,,,11100
1599,1507,,0,,,,,0
1600,1508,,0,,,,,0
1601,1509,,0,,,,,
1602,1510,,0,,,,Aland^n|,0
1603,1511,,0,,,,,0
1604,1512,,0,,,,,0
1605,1513,,0,,,,,0
1606,1514,,0,,,,,
1607,1515,,0,,,,,0
1608,1516,,0,,,,,0
1609,1517,,0,,,,,
1610,1518,,0,,,,,
1611,1519,,0,,,,,0
1612,1520,,0,,,,,0
1613,1521,,0,,,,Afriend^S|Aneighbor^S|Avillage^S|,0
1614,1522,,0,,,,,0
1615,1523,,0,,,,,0
1616,1524,,0,,,,,
1617,1525,,0,,,,,0
1618,1526,,0,,,,,0
1619,1527,,0,,,,,0
1620,1528,,0,,,,,0
1621,1529,,0,,,,,0
1622,1530,,0,,,,,0
1623,1531,,0,,,,Aneighbor^n|,0
1624,1532,,0,,,,,0
1626,1534,,0,,,,,
1627,1535,,0,,,,,0
1629,1537,,0,,,,,
1630,1538,,0,,,,,0
1631,1539,,0,,,,Adesert^S|,0
1632,1540,,0,,,,,0
1633,1541,,0,,,,,0
1634,1542,,0,,,,,0
1635,1543,,0,,,,,0
1636,1544,,0,,,,,
1637,1545,,0,,,,,0
1638,1546,,0,,,,,0
1639,1547,,0,,,,,
1640,1548,,0,,,,,
1641,1892,,0,,,,,0
1642,1549,,0,,,,,0
1643,1550,,0,,,,,0
1644,1551,,0,,,,,0
1645,1552,,0,,,,,0
1646,1553,,0,,,,,0
1647,1554,,0,,,,,0
1648,1555,,0,,,,,0
1649,1556,,0,,,,,
1650,1557,,0,,,,,0
1651,1558,,0,,,,,0
1652,1559,,0,,,,,0
1653,1560,,0,,,,,
1654,1561,,0,,,,,0
1655,1562,,0,,,,Afruit^Bn|Afood^BB|Aanimal^B|Acup^B|Aplant^B|Abird^B|Alivestock^B|Abread^B|Bthing^B|Acreature^B|Awheat^B|Alove^B|Athing^n|Aman^B|Aspirit^B|Bspirit^B|,0
1656,1563,,0,,,,Aarmy^S|Abirthday^S|Acommand^S|Acountry^S|Adream^S|Agod^S|Aguard^S|Akingdom^S|Alaw^S|Alife^S|Aman^S|Amark^S|Aname^S|Aofficer^S|Aofficial^S|Aperson^S|Aplan^S|Apower^S|Arepresentative^S|Aruler^S|Asecretary^S|Aservant^S|Aslave^S|Asoldier^S|Athought^S|Avalley^S|Awoman^S|Awound^S|Aconcubine^S|Avirgin^S|Aquestion^S|Afather^S|Awork^S|Ahouse^S|Afriend^S|Aland^S|Astar^S|Ahouse/Apalace^|Apalace^S|Amaster^S|Achariot^S|Acity^S|Aprisoner^S|Abread^S|Ahorse^S|Aleader^S|Ason-in-law^S|Aeunuch^S|Aenemy^S|Aside^S|Aauthority^S|Aletter^S|Aguest^S|Apromise^S|Afood^S|Blife^S|Aoath^S|Apromise/Aoath^|Awine^S|Athrone^S|Achair^S|AGod^S|Amule^S|Adaughter^|Amerchant^S|Aright^S|,0
1657,1565,,0,,,,AGood-News^n|Asecret^n|Aglory^n|,11100
1658,1565,,0,,,,AGood-News^n|Adisciple^n|,11100
1659,1565,,0,,,,ASatan^|,11100
1660,1566,,0,,,,,0
1661,1098,,0,,,,,11100
1662,1567,,0,,,,,0
1663,1568,,0,,,,,0
1665,1572,,0,,,,,0
1668,1570,,0,,,,,0
1671,1576,,0,,,,,0
1673,1578,,0,,,,,0
1674,1579,,0,,,,,0
1675,1580,,0,,,,,0
1676,1581,,0,,,,,0
1677,1582,,0,,,,,0
1679,1584,,0,,,,,0
1680,1585,,0,,,,,0
1681,1586,,0,,,,,
1682,1587,,0,,,,,
1683,1588,,0,,,,,0
1684,1589,,0,,,,,0
1685,1590,,0,,,,,
1686,1591,,0,,,,Aslave^S|Aservant^S|,0
1687,1592,,0,,,,,0
1688,1593,,0,,,,Atop^n|Aend^n|,11100
1689,1594,,0,,,,,0
1690,1595,,0,,,,,0
1691,1596,,0,,,,Aside^n|Ashore^n|Awater^n|Amiddle^n|,0
1692,1597,,0,,,,,0
1695,1600,,0,,,,,0
1696,,,0,,,,,0
1697,1601,,0,,,,Atable^n|,0
1698,1602,,0,,,,Aedge^n|Ashore^n|Aborder^n|Aname^n|Aperson^n|Aregion^n|Amiddle^|,0
1699,1602,,0,,,,,0
1700,1602,,0,,,,,
1701,1603,,0,,,,,0
1702,1604,,0,,,,,0
1703,1605,,0,,,,,0
1704,1606,,0,,,,,0
1706,1608,,0,,,,Ateacher^n|Ameaning^n|,0
1707,1608,,0,,,,Ateacher^n|,0
1709,1610,,0,,,,,0
1710,1611,,0,,,,Aseat^S|,0
1711,1612,,0,,,,,0
1712,1613,,0,,,,Aname^S|Aarmy^S|Acity^S|Aperson^S|Aenemy^S|Apower^S|Amark^S|,11000
1713,1614,,0,,,,,0
1716,1617,,0,,,,,
1718,1620,,0,,,,,0
1719,1621,,0,,,,,0
1721,1623,,0,,,,,0
1723,1625,,0,,,,,0
1724,1626,,0,,,,,0
1727,1629,,0,,,,,0
1728,1630,,0,,,,,0
1730,,,0,,,,,0
1731,1632,,0,,,,,0
1733,1634,,0,,,,,0
1744,1645,,0,,,,,0
1747,1646,,0,,,,,11100
1750,1650,,0,,,,Acity^Sn|Alion^S|Ahouse^S|Apicture^n|,0
1752,1652,,0,,,,,0
1754,"2202,1654",,0,,,,,0
1755,1655,,0,,,,,11100
1757,1656,,0,,,,,0
1763,1661,,0,,,,Aenemy^S|,0
1766,1667,,0,,,,Aanimal^S|Afriend^S|Ahouse^S|Aservant^S|ALord^S|CLord^S|,0
1778,1677,,0,,,,Aperson^n|,0
1792,,,0,,,,,
1796,1694,,0,,,,,11100
1798,1696,,0,,,,,0
1805,1703,,0,,,,,0
1812,,,0,,,,,0
1815,1710,,0,,,,,0
1823,1718,,0,,,,Atribe^n|,0
1825,2151,,0,,,,,11100
1826,1719,,0,,,,,11100
1827,1720,,0,,,,,0
1839,1732,,0,,,,,0
1840,1733,,0,,,,,0
1846,1738,,0,,,,Ahouse^S|,0
1858,1750,,0,,,,,0
1860,1752,,0,,,,,
1862,1754,,0,,,,,0
1863,1755,,0,,,,,0
1865,1756,,0,,,,,0
1868,1758,,0,,,,,0
1877,1768,,0,,,,Awater^n|,0
1881,1772,,0,,,,,
1883,1774,,0,,,,,0
1888,1780,,0,,,,,0
1891,1783,,0,,,,,0
1896,1788,,0,,,,,
1903,1795,,0,,,,,
1911,1803,,0,,,,,
1914,,,0,,,,,
1915,1806,,0,,,,Aregion^n|,0
1918,1808,,0,,,,Avoice^S|,11100
1931,1820,,0,,,,,0
1932,1821,,0,,,,,0
1933,1822,,0,,,,,0
1934,1823,,0,,,,Afloor^B|,0
1941,1827,,0,,,,,0
1944,1830,,0,,,,,0
1946,1832,,0,,,,,
1953,1840,,0,,,,,0
1954,1841,,0,,,,,
1959,,,0,,,,,11100
1963,1849,,0,,,,,0
1968,1854,,0,,,,,0
1969,1855,,0,,,,,0
1970,1856,,0,,,,,0
1975,1861,,0,,,,,0
1977,1863,,0,,,,Aname^nS|,0
1981,1867,,0,,,,Aland^nS|,0
1990,1875,,0,,,,,11100
1992,1878,,0,,,,,0
1998,1884,,0,,,,Aside^n|,0
1999,1885,,0,,,,,0
2000,1886,,0,,,,,
2001,1887,,0,,,,,0
2003,1889,,0,,,,Aneighbor^n|,0
2004,1890,,0,,,,,0
2005,1891,,0,,,,,0
2006,1893,,0,,,,,0
2007,1894,,0,,,,,
2008,1895,,0,,,,,
2009,1896,,0,,,,AGod^n|,0
2011,1898,,0,,,,,0
2012,1899,,0,,,,,0
2013,1877,,0,,,,Bbottom^n|Atop^n|Aname^n|Ashadow^n|,0
2014,1900,,0,,,,,0
2015,1901,,0,,,,,0
2016,1902,,0,,,,,11100
2017,1903,,0,,,,,0
2019,1905,,0,,,,,0
2020,1906,,0,,,,,0
2021,1907,,0,,,,,11100
2022,1908,,0,,,,,11100
2023,1909,,0,,,,,0
2024,1910,,0,,,,Aland^S|Afriend^S|Acountry^S|Asoldier^S|Aservant^S|,0
2025,1911,,0,,,,,0
2026,1912,,0,,,,Aservant^S|Aname^S|Aservant/Ashepherd^|Ashepherd^S|,0
2029,1915,,0,,,,,0
2031,1917,,0,,,,,
2042,1926,,0,,,,,0
2043,1927,,0,,,,Agrain^S|,
2050,1934,,0,,,,Atribe^n|,0
2053,1936,,0,,,,,
1898,1790,,0,,,,,0
1906,1798,,0,,,,,
1919,1809,,0,,,,,0
2033,1919,,0,,,,Aarmy^S|Aplan^S|,0
1905,1797,,0,,,,,0
1920,1810,,0,,,,Apiece^|,0
1884,1776,,0,,,,,
139,117,,0,,,,,0
1940,1826,,0,,,,,11000
2375,2251,,0,,,,,0
1895,1787,,0,,,,,0
1938,1824,,0,,,,,0
1935,,,0,,,,,0
1828,1721,,0,,,,Aprayer^S|,0
1955,1842,,0,,,,,
2432,2300,,0,,,,,
2278,2156,,0,,,,Adisciple^|,0
1942,1828,,0,,,,,0
1989,1874,,0,,,,Aname^S|Afever^S|,11100
2198,2079,,0,,,,,0
2505,2370,,0,,,,,0
1960,1846,,0,,,,,0
1991,1876,,0,,,,,0
101,,,0,,,,,11100
1943,1829,,0,,,,,0
1842,1734,,0,,,,,0
2150,2029,,0,,,,,0
1952,1839,,0,,,,,0
2315,,,0,,,,,0
2396,2270,,0,,,,,
1929,1818,,0,,,,,0
344,317,,0,,,,Alanguage^n|,0
2088,1970,,0,,,,Afeast^n|,0
421,388,,0,,,,,
2098,1980,,0,,,,Agate^n|Aperson^n|Bwall^n|Acity^n|,0
2425,2293,,0,,,,,
2072,1954,,0,,,,Aaction^S|Athought^S|Agod^S|Aservant^S|,11100
2054,1937,,0,,,,Amaster^S|Aking^S|,0
2055,1938,,0,,,,Afather^n|Amother^n|Aarmy^n|Aperson^n|Agod^S|,0
2056,1939,,0,,,,AJesus^|,0
1847,1739,,0,,,,Aenemy^S|Aname^S|Aservant^S|Avoice^S|Alanguage^S|Afriend^S|Ahouse^S|Arelative^S|AGod^S|Afuture^S|Afollower/Adisciple^|Adisciple^|,0
1834,1727,,0,,,,,0
1890,1782,,0,,,,,0
1893,1785,,0,,,,,0
1908,1800,,0,,,,,0
1917,1807,,0,,,,Ameaning^n|AYahweh^|,0
1742,1643,,0,,,,,0
1874,1764,,0,,,,,0
1873,1763,,0,,,,,0
1777,1676,,0,,,,,0
1900,1792,,0,,,,,11100
151,129,,0,,,,,0
1813,,,0,,,,,
255,229,,0,,,,,0
262,238,,0,,,,,0
1830,1723,,0,,,,,11100
218,195,,0,,,,,0
2264,2140,,0,,,,Adoor^n|,11100
149,127,,0,,,,,11100
1832,1725,,0,,,,,0
2174,2054,,0,,,,,
2383,2259,,0,,,,,0
2187,2067,,0,,,,,
2287,2163,,0,,,,,
1856,1748,,0,,,,,0
2214,2094,,0,,,,,
2463,2330,,0,,,,,
2162,,,0,,,,,11100
2255,2131,,0,,,,,
2584,2446,,0,,,,,0
1851,1743,,0,,,,,0
2175,2055,,0,,,,,
2209,2089,,0,,,,,
2412,,,0,,,,,
1735,1637,,0,,,,Aoffice^S|Aplan^S|Ahouse^S|,0
1737,1639,,0,,,,,0
75,53,,0,,,,,0
1799,1697,,0,,,,,
1786,1685,,0,,,,,0
1784,1683,,0,,,,,0
1779,1678,,0,,,,,
1889,1781,,0,,,,,0
1767,1668,,0,,,,,0
1785,1684,,0,,,,,
1794,1692,,0,,,,,0
1833,1726,,0,,,,,0
1972,1858,,0,,,,Aperson^n|Agod^n|Aside^n|Aborder^n|,0
1855,1747,,0,,,,,0
1909,1801,,0,,,,AGod^S|,0
1976,1862,,0,,,,Aamount^n|Apart^|,0
2542,2405,,0,,,,,0
1732,1633,,0,,,,,
2027,1913,,0,,,,,0
2052,1935,,0,,,,,0
2028,1914,,0,,,,,0
2570,2432,,0,,,,,
1995,1881,,0,,,,,0
1801,1699,,0,,,,,0
1951,1837,,0,,,,,0
1886,1778,,0,,,,,0
2108,1989,,0,,,,,0
2593,2455,,0,,,,,
1904,1796,,0,,,,,0
1880,1771,,0,,,,,0
1885,1777,,0,,,,,
1892,1784,,0,,,,,0
657,615,,0,,,,,11100
1360,1283,,0,,,,,0
2106,1987,,0,,,,,
2152,2031,,0,,,,,0
2161,2041,,0,,,,,11100
1769,1670,,0,,,,,0
1772,1673,,0,,,,,0
1775,1675,,0,,,,Asound^n|,11100
1789,1688,,0,,,,,0
1831,1724,,0,,,,,0
2153,2032,,0,,,,,0
1783,1682,,0,,,,,
1802,1700,,0,,,,,0
1819,1714,,0,,,,Aeast^n|Atree^n|Aregion^n|,0
1887,1779,,0,,,,,0
198,174,,0,,,,,
1899,1791,,0,,,,,0
1836,1729,,0,,,,,0
1848,1740,,0,,,,,0
1773,1673,,0,,,,,0
1774,1674,,0,,,,,0
1820,1716,,0,,,,Acountry^S|Adream^S|Aenemy^S|Afriend^S|AGod^S|Amarriage^S|Aname^S|Aplan^S|Aservant^S|Aslave^S|Avoice^S|Awork^S|Awound^S|Aneighbor^S|Aforeskin^S|Achild^nS|ALine^|Aline^S|Acamp^S|Aarmy^S|Ason-in-law^S|Atribe^S|Apriest^S|Asoldier^S|Acity^S|Alife^S|Aaction^S|Afaith^S|Asin^S|Aneighbor/Aowner^|Aweapon^S|Aheight^S|Amaster^S|Agod^S|Acommand^S|Aking^S|Atown^S|Akind^n|Athing^S|Awoman^S|Anumber^n|Aguest^S|Cthing^S|Bthing^S|Aear^|Atongue^|Asoul^S|Aquestion^S|Arabbi^S|Bservant/Aslave^|Aleader^S|Apalm^|,0
1850,1742,,0,,,,,0
1945,1831,,0,,,,,
1804,1702,,0,,,,,
1793,1691,,0,,,,,0
1988,,,0,,,,,0
1837,1730,,0,,,,,11100
1844,1736,,0,,,,,0
1852,1744,,0,,,,Adinner^S|AGod^S|Aslave^S|Amaster^S|Aauthority^S|Aservant^S|Aenemy^S|Awork^S|Afollower^S|,11000
1780,1680,,0,,,,,
1838,1731,,0,,,,,0
2143,2022,,0,,,,,0
2200,2081,,0,,,,Afriend^S|AGod^SS|Alife^SS|ALord^SS|BLord^SS|Areligion^SS|Arepresentative^SS|Aspirit^SS|Athought^S|Aaction^S|Aletter^S|Awork^S|Agoal^S|Aexample^S|Atrouble^S|Aprayer^S|,0
2208,2088,,0,,,,,
2199,2080,,0,,,,,0
1787,1686,,0,,,,,0
2018,1904,,0,,,,,0
1781,1679,,0,,,,Aperson^n|,
1803,1701,,0,,,,,0
2086,1968,,0,,,,,
1788,1687,,0,,,,Acave^S|,0
1791,1690,,0,,,,,0
1765,1666,,0,,,,,11100
2057,1940,,0,,,,,0
2058,1941,,0,,,,,0
2059,1942,,0,,,,,
2060,1943,,0,,,,,0
2061,1944,,0,,,,,
2062,1945,,0,,,,,
2063,1946,,0,,,,Aarmy^S|Aauthority^S|Acommand^S|Adream^S|Aenemy^S|Agod^S|Akingdom^S|Aofficial^S|Aservant^S|Athought^S|Aperson^S|Aleader^S|Asoldier^S|Alaw^S|Aman^S|Avision^S|Adream/Avision^|Aadviser^S|,0
2064,1947,,0,,,,,0
2065,1948,,0,,,,,11100
2066,1949,,0,,,,Bhole^|,0
2067,1950,,0,,,,,0
2068,1951,,0,,,,Aprayer^S|Aenemy^S|AGod^S|Afriend^S|Aman^S|Asin^S|ALord^S|Aservant^S|,0
2069,1951,,0,,,,,0
2070,1952,,0,,,,,
2071,1953,,0,,,,,0
2073,1955,,0,,,,,
2074,1956,,0,,,,,0
2075,1957,,0,,,,,11100
2076,1958,,0,,,,,11100
2077,1959,,0,,,,,0
2078,1960,,0,,,,,
2079,1961,,0,,,,,0
2080,1962,,0,,,,,0
2081,1963,,0,,,,,0
2082,1964,,0,,,,,11100
1818,1715,,0,,,,Aeast^n|,0
1738,1640,,0,,,,,0
1936,1823,,0,,,,,0
1822,1717,,0,,,,,0
1768,1669,,0,,,,Akind^n|Acovenant^n|Aagreement/Acovenant^|,
2145,2024,,0,,,,Aname^S|,0
2461,2328,,0,,,,Aperson^n|,0
2040,,,0,,,,,0
2583,2445,,0,,,,,0
2172,2052,,0,,,,,
2669,,,0,,,,,0
2242,2118,,0,,,,Aarmy^SSn|Asoldier^Sn|Agiant^S|,0
2085,1967,,0,,,,,
2087,1969,,0,,,,,0
2089,1971,,0,,,,,0
2097,1979,,0,,,,,0
2099,1981,,0,,,,,0
2104,1985,,0,,,,Aside^n|,0
2107,1988,,0,,,,,11000
2111,1992,,0,,,,,0
2113,1993,,0,,,,,0
2117,1997,,0,,,,,0
2120,1999,,0,,,,,0
2122,2001,,0,,,,,0
2126,2005,,0,,,,,11100
2128,2008,,0,,,,,11100
2129,2009,,0,,,,,11100
2134,2014,,0,,,,,0
2135,2015,,0,,,,,0
2136,2016,,0,,,,,0
2140,2019,,0,,,,,0
2149,2028,,0,,,,,0
2151,2030,,0,,,,,0
2154,2033,,0,,,,,0
2155,2034,,0,,,,,0
2156,2035,,0,,,,,0
2165,2045,,0,,,,,
2167,2047,,0,,,,,
2173,2053,,0,,,,,0
2178,2058,,0,,,,,0
2179,2059,,0,,,,,0
2181,2061,,0,,,,,0
2189,2069,,0,,,,,
2195,2076,,0,,,,,11100
2203,2084,,0,,,,,
2205,,,0,,,,,
2206,2086,,0,,,,,
2210,2090,,0,,,,,
2211,2091,,0,,,,,
2212,2092,,0,,,,,0
2216,2095,,0,,,,,0
2221,2099,,0,,,,,0
2225,2103,,0,,,,,11100
2226,2104,,0,,,,,
2233,2110,,0,,,,,
2237,2114,,0,,,,Aslave^S|Afriend^SS|Alife^S|,0
2239,2115,,0,,,,,0
2244,2120,,0,,,,,0
2245,2121,,0,,,,,
2248,2123,,0,,,,,0
2251,2125,,0,,,,,0
2265,2141,,0,,,,,11100
2269,2146,,0,,,,,0
2276,2154,,0,,,,,11100
2283,2160,,0,,,,Aline^n|Arow^n|,
2285,2162,,0,,,,,0
2286,2164,,0,,,,,0
2289,2166,,0,,,,,
2295,2173,,0,,,,,0
2300,2177,,0,,,,Acow^S|Avoice^S|Abull^S|Acow/Abull^|Aservant^S|Aname^S|Ainstrument^S|Ahouse^S|Aservant/Aslave^|Aslave^S|Aquestion^S|Aservant/Aguard^|Aguard^S|Aleader^nS|Atrumpet^S|Awork^S|Ayard^S|Amark^S|Ainstrument/Atrumpet^|,0
2301,2178,,0,,,,Aarmy^S|Aname^S|Apower^S|,11100
2304,2181,,0,,,,Aguard^B|,0
2305,2182,,0,,,,,0
2314,2190,,0,,,,,0
2316,2191,,0,,,,,0
2317,2192,,0,,,,,11100
2318,2193,,0,,,,,0
2326,2201,,0,,,,,0
2327,2203,,0,,,,Aquestion^S|Acountry^S|Aservant^S|,0
2328,2205,,0,,,,Aanswer^S|,0
2335,2212,,0,,,,,
2337,2214,,0,,,,Anurse^S|Apain^S|Aprayer^S|Aslave^S|Aservant^S|Atomb^S|Atrouble^S|,0
2339,2216,,0,,,,Aseason^n|,0
2342,2219,,0,,,,,0
2345,2222,,0,,,,,0
2346,2223,,0,,,,,11100
2349,2227,,0,,,,,0
2358,2235,,0,,,,,
2361,2238,,0,,,,Anurse^S|Aservant^S|Amaster^S|,0
2364,2241,,0,,,,Akingdom^n|Aqueen^n|Aborder^n|,11100
2366,2243,,0,,,,,0
2367,2244,,0,,,,,
2368,2245,,0,,,,,0
2374,2249,,0,,,,,0
2381,2257,,0,,,,,0
2388,2263,,0,,,,Atribe^n|,0
2392,2266,,0,,,,,0
2397,2271,,0,,,,,0
2405,2283,,0,,,,Aname^n|Aside^n|Aeast^B|Awater^S|,0
2411,2284,,0,,,,Awater^n|,0
2414,2285,,0,,,,,
2418,2289,,0,,,,,0
2419,2290,,0,,,,,
2422,2291,,0,,,,,0
2427,2295,,0,,,,,0
2428,2296,,0,,,,,0
2436,2303,,0,,,,ALord^n|Alord^n|,11100
2443,2310,,0,,,,,11100
2446,2313,,0,,,,,11000
2448,2315,,0,,,,,
2449,2316,,0,,,,,0
2458,2325,,0,,,,Afriend^S|Aservant^S|,
2459,2326,,0,,,,Apiece^n|Agrain^n|Anumber^n|,0
2462,2329,,0,,,,,0
2466,2333,,0,,,,,0
2467,2334,,0,,,,Akingdom^S|Apower^S|Ademon^S|Aspirit^S|Atime^S|Bspirit^S|Ckingdom^S|,0
2470,2337,,0,,,,,11100
2473,2340,,0,,,,,11100
2474,2072,,0,,,,,0
2479,2349,,0,,,,,
2480,2344,,0,,,,,0
2482,2345,,0,,,,,0
2484,,,0,,,,,
2485,2348,,0,,,,,11100
2486,2351,,0,,,,,0
2491,2356,,0,,,,,0
2499,2364,,0,,,,,0
2500,2365,,0,,,,,0
2508,2373,,0,,,,,
2510,2375,,0,,,,,0
2513,2377,,0,,,,,0
2518,2382,,0,,,,,0
2525,2388,,0,,,,,0
2526,2389,,0,,,,,0
2527,2390,,0,,,,,
2528,2391,,0,,,,,
2530,2393,,0,,,,,0
2537,2400,,0,,,,Acity^S|,0
2541,2404,,0,,,,,11100
2545,2407,,0,,,,,
2546,2409,,0,,,,Atown^nSn|Asoldier^n|Atower^n|Aneighbor^n|,0
2556,2418,,0,,,,,0
2561,2423,,0,,,,,0
2568,2430,,0,,,,,0
2569,2431,,0,,,,,0
2576,2438,,0,,,,,0
2578,2441,,0,,,,,0
2588,2450,,0,,,,,0
2590,2452,,0,,,,,
2591,2453,,0,,,,,0
2595,2457,,0,,,,,0
2596,2458,,0,,,,,
2597,2459,,0,,,,,
2602,2464,,0,,,,,0
2604,2466,,0,,,,,0
2608,2470,,0,,,,,
2609,2471,,0,,,,,0
2613,2475,,0,,,,,0
2618,2479,,0,,,,,0
2623,2483,,0,,,,Akilogram^|,0
2625,2484,,0,,,,Aman^n|,0
2629,2487,,0,,,,,0
2637,2494,,0,,,,Aname^S|,0
2638,2496,,0,,,,Aname^S|,0
2642,2499,,0,,,,,0
2644,2501,,0,,,,,0
2653,2509,,0,,,,,0
2658,2514,,0,,,,,0
2664,2519,,0,,,,,11100
2671,2525,,0,,,,,11100
2672,2526,,0,,,,,11100
2673,2527,,0,,,,,0
2674,2528,,0,,,,,
2676,2530,,0,,,,Ameaning^n|,0
2681,2534,,0,,,,,0
2683,2535,,0,,,,ASatan^S|Aname^S|Akind^|,11000
2687,2539,,0,,,,,0
2692,,,0,,,,,
2696,2547,,0,,,,Anumber^n|,0
2698,2549,,0,,,,,11100
2705,2555,,0,,,,,0
2713,2562,,0,,,,,0
2716,2565,,0,,,,,0
2721,2571,,0,,,,,0
2724,2574,,0,,,,,0
2730,2578,,0,,,,,0
2731,2579,,0,,,,,0
2732,2581,,0,,,,Aplace^S|,0
2735,2584,,0,,,,,0
2737,2585,,0,,,,Aarmy^n|,0
2740,2588,,0,,,,,0
2742,2590,,0,,,,,0
2746,2594,,0,,,,,
2747,2595,,0,,,,,0
2749,2597,,0,,,,,0
2758,2605,,0,,,,,0
2762,2608,,0,,,,Apower^S|,11100
2763,2609,,0,,,,,0
2764,2610,,0,,,,,11100
2768,2614,,0,,,,,
2775,2621,,0,,,,,0
2780,2625,,0,,,,,
2782,2627,,0,,,,,0
2787,,,0,,,,,11100
2792,2637,,0,,,,,0
2793,2639,,0,,,,,11100
2794,2640,,0,,,,,
2799,2642,,0,,,,ALord^S|AGod^S|,0
2803,933,,0,,,,,11100
2805,2646,,0,,,,Apart^|,11100
2811,2652,,0,,,,,0
2812,2653,,0,,,,,
2813,2654,,0,,,,Aend^n|Aamount^n|Aperson^n|Aperiod^n|,0
2821,2659,,0,,,,,0
2828,2665,,0,,,,,0
2831,2668,,0,,,,,0
2836,2673,,0,,,,Aproblem^n|,0
2845,2682,,0,,,,,11100
2853,2690,,0,,,,,11100
2856,501,,0,,,,,11100
2857,2693,,0,,,,,11100
2858,2701,,0,,,,Abranch^nS|Afruit^nS|Aroot^nS|Akind^n|Aking^n|Apicture^n|,0
2866,2699,,0,,,,,0
2871,2707,,0,,,,,0
2873,2709,,0,,,,,11100
2876,2711,,0,,,,,
2878,2713,,0,,,,Asound^Sn|,11100
2886,2721,,0,,,,,0
2890,2725,,0,,,,,11100
2892,2726,,0,,,,,
2896,2730,,0,,,,,
2900,2734,,0,,,,,
2903,2737,,0,,,,,
2907,2741,,0,,,,,11100
2910,2749,,0,,,,,0
2917,2754,,0,,,,,
2922,2758,,0,,,,,0
2929,2762,,0,,,,,0
2932,2763,,0,,,,,0
2933,2764,,0,,,,,0
2939,2770,,0,,,,,11100
2943,2774,,0,,,,,11100
2946,2777,,0,,,,Ameaning^n|Akind^|,11100
2951,2781,,0,,,,Awheel^S|Awood^n|Aside^|Apost^|Abowl^|,11100
2954,2785,,0,,,,,0
2957,2786,,0,,,,Awagon^n|Achariot^B|Avehicle/Awagon^|Atime^B|Avehicle^B|,0
2961,2790,,0,,,,,0
2964,2793,,0,,,,,0
2968,2798,,0,,,,Atop^n|,11100
2969,2797,,0,,,,,
2972,2800,,0,,,,,0
2973,2801,,0,,,,Aedge^|,0
2974,2802,,0,,,,Asound^n|,0
2975,2803,,0,,,,,11100
2976,2804,,0,,,,Aopponent^S|,11100
2977,2805,,0,,,,,
2980,2808,,0,,,,,0
2982,2810,,0,,,,,0
2986,2815,,0,,,,,11100
2987,,,0,,,,,11100
2988,2816,,0,,,,,11100
2991,2819,,0,,,,,11100
2996,2823,,0,,,,Aroof^|,
3004,2831,,0,,,,,0
3008,"1663,2835",,0,,,,Aangel^nS|Acommand^S|Alaw^S|Aname^S|Aplan^S|Aservant^S|Acovenant^S|ASpirit^n|Asoldier^S|Aenemy^S|Astick^S|Apower^S|Aglory^S|Acommandment^S|Ainstruction^S|Atreasure^S|Apriest^S|Anation^S|Aperson^S|Aark-of-the-covenant^S|Aarmy^S|Apromise^S|Atabernacle^S|Aaltar^S|Atemple^S|Astaff^S|Avoice^S|Aking^S|Aword^S|Amessage^S|Awave^S|Aspirit^S|Aark^S|Agoodness^S|Apeace^S|Astrength^S|Ahouse^S|Alaw/Acovenant^|Bark^n|Athing^S|Atreasury^S|Ajoy^S|Aprophet^S|Ahill^S|Atruth^S|Aagreement/Acovenant^|Aland^S|ABook-of-the-Law^S|Astructure^S|Blaw^S|Arule^S|Alaw/Adecree^|Adecree^S|Astructure/Aaltar^|Atent/Atabernacle^|Aday^S|ASabbath^S|Abread/Amanna^|Amanna^S|,0
3012,2839,,0,,,,Atime^n|,0
3013,2840,,0,,,,,11100
3015,2842,,0,,,,,0
3019,2846,,0,,,,,
3022,2849,,0,,,,,
3026,2853,,0,,,,,
3029,2856,,0,,,,,0
3033,2860,,0,,,,,
3042,2868,,0,,,,Aprayer^S|Afriend^S|Agroup^S|Aneighbor^S|,0
3043,,,0,,,,,0
3047,2872,,0,,,,,0
3051,2876,,0,,,,,0
1816,1711,,0,,,,,
1869,1759,,0,,,,APassover^P|,0
1870,1760,,0,,,,,0
247,223,,0,,,,,0
2925,2760,,0,,,,,
552,515,,0,,,,Aaction^S|Aname^S|Athought^S|Amaster^S|,0
2227,2105,,0,,,,Aend^|,
2247,2122,,0,,,,,11100
1964,1850,,0,,,,,0
1947,1833,,0,,,,,
1982,1868,,0,,,,,0
1983,1869,,0,,,,,11100
1949,1835,,0,,,,,0
1985,1871,,0,,,,Ainside^|Afront^|Awall^|Aentrance^|Awidth^n|,
2037,1923,,0,,,,,0
1965,1851,,0,,,,,0
2323,2199,,0,,,,,0
1966,1852,,0,,,,,
1987,1873,,0,,,,Asecret^S|Aname^S|Aservant^S|Amilk^S|Afever^S|Amaster^S|,0
2046,1930,,0,,,,AGod^S|Aneighbor^S|Alife^S|,0
2651,2507,,0,,,,,0
2163,2043,,0,,,,,11100
1973,1859,,0,,,,Awoman^B|,0
1962,1848,,0,,,,,0
1979,1865,,0,,,,,0
1994,1880,,0,,,,,0
2124,2003,,0,,,,Afat^B|,11100
2034,1920,,0,,,,,0
2240,2116,,0,,,,,0
2141,2020,,0,,,,,0
2844,2681,,0,,,,,
2118,1997,,0,,,,,
2219,2097,,0,,,,,0
2263,2139,,0,,,,,0
2791,2635,,0,,,,,0
2103,1984,,0,,,,,0
2321,2196,,0,,,,,11100
2176,2056,,0,,,,,0
1978,1864,,0,,,,,0
2049,1933,,0,,,,,0
2084,1966,,0,,,,,
2144,2023,,0,,,,,0
2325,2200,,0,,,,,0
2835,2672,,0,,,,Aentrance^nS|,11100
2196,2077,,0,,,,,11100
2032,1918,,0,,,,,
2035,1921,,0,,,,Aconcubine^S|AGod^S|,0
2036,1922,,0,,,,,0
2157,2036,,0,,,,Agod^S|,0
2160,2040,,0,,,,,0
2312,,,0,,,,,0
2192,2074,,0,,,,,0
2274,2152,,0,,,,,0
2090,1972,,0,,,,,
2158,2037,,0,,,,,11100
2123,2002,,0,,,,Bbottom^n|,0
2207,2087,,0,,,,,11100
2292,2169,,0,,,,,0
1745,1645,,0,,,,,0
2038,1923,,0,,,,,0
2262,2138,,0,,,,,0
2249,2126,,0,,,,,11100
2523,2386,,0,,,,Avalley^n|Aland^n|,11000
2256,2132,,0,,,,Aline^n|Awork^|Arow^n|,11100
2132,2012,,0,,,,Acountry^S|Aoffice^S|Aquestion^S|Aservant^S|Aslave^S|Aname^S|Adream^S|Aauthority^S|Amaster^S|Anumber^n|,0
2092,1974,,0,,,,,0
2116,1996,,0,,,,,11100
1996,1882,,0,,,,,0
2469,2336,,0,,,,,11100
2094,1976,,0,,,,Cmiddle^n|Amiddle^|,0
2168,2048,,0,,,,,
2147,2026,,0,,,,,11100
2193,2073,,0,,,,,
2322,2197,,0,,,,,11100
2166,2046,,0,,,,,
2230,2107,,0,,,,Aleader^n|,0
2197,2078,,0,,,,,0
2387,2263,,0,,,,,0
1669,1574,,0,,,,Aservant^S|,0
2308,2185,,0,,,,Awell^n|Aword^n|,0
2914,2752,,0,,,,,
2047,1931,,0,,,,,0
2048,1932,,0,,,,,0
2183,2063,,0,,,,,0
2185,2065,,0,,,,Aname^n|Amanuscript^n|Acopy/Amanuscript^|Acopy^n|,0
2371,,,0,,,,,
2372,2248,,0,,,,Aking^S|Amaster^S|,
1922,1812,,0,,,,,
2100,1982,,0,,,,,
2281,2159,,0,,,,Aline^n|Anumber^n|Aend^|,0
1739,1641,,0,,,,,0
2236,2113,,0,,,,,0
1740,1642,,0,,,,,0
1907,1799,,0,,,,,0
2093,1975,,0,,,,,0
1790,1689,,0,,,,,0
2250,2124,,0,,,,Anumber^n|Aroof^|Awood-cedar^|,0
2275,2153,,0,,,,,0
2171,2051,,0,,,,,
1857,1749,,0,,,,,
2254,2130,,0,,,,,0
2324,2198,,0,,,,,0
2338,2215,,0,,,,Awindow^S|Ahouse^S|,0
2261,2137,,0,,,,,0
2188,2068,,0,,,,,
2334,2211,,0,,,,,0
1916,,,0,,,,,
695,651,,0,,,,,0
1967,1853,,0,,,,,0
2105,1986,,0,,,,,0
2110,1991,,0,,,,,0
2127,2006,,0,,,,,11100
985,924,,0,,,,,11100
1582,1494,,0,,,,,
2169,2049,,0,,,,Ason^n|Acup^|,0
2363,2240,,0,,,,,11100
2125,2004,,0,,,,,11100
2139,2018,,0,,,,Aoil^B|,11100
1800,1698,,0,,,,,0
2377,2253,,0,,,,Alaw^n|,0
2290,2167,,0,,,,,11100
2218,,,0,,,,,
2277,2155,,0,,,,,11100
2309,2186,,0,,,,,0
2215,,,0,,,,,0
2115,1995,,0,,,,,0
2121,2000,,0,,,,,
2258,2134,,0,,,,,0
2343,2220,,0,,,,,0
2562,2424,,0,,,,,0
2294,2171,,0,,,,,0
2223,2101,,0,,,,,0
2341,2218,,0,,,,,11000
2232,2109,,0,,,,Afriend^S|,0
2180,2060,,0,,,,Aenemy^S|,0
2279,2157,,0,,,,,
2563,2425,,0,,,,,0
2114,1994,,0,,,,Aname^S|,0
2235,2112,,0,,,,Adisciple^Sn|Asubstance^n|Ayeast^S|Athought^S|Aaction^S|Acustom^S|Aleader^n|Aelder^S|,0
2648,1190,,0,,,,,0
2598,2460,,0,,,,,0
2354,2231,,0,,,,,
2680,2533,,0,,,,Atip^B|,11100
33,11,,0,,,,Aoffering^S|,0
2220,2098,,0,,,,,11100
2359,2236,,0,,,,,0
2402,2275,,0,,,,Asign^n|,0
2133,2013,,0,,,,Aregion^S|Acountry^S|,0
2606,2468,,0,,,,,0
2668,2520,,0,,,,,0
2177,2057,,0,,,,Ameaning^n|,11100
2465,2332,,0,,,,Aname^S|Aservant^S|Aslave^S|,0
2186,2066,,0,,,,,0
2222,2100,,0,,,,,0
2228,2106,,0,,,,,0
2270,2147,,0,,,,,
1986,1872,,0,,,,,11100
2293,2170,,0,,,,Awork^S|,0
1821,1716,,0,,,,,0
2246,2127,,0,,,,,0
2319,2194,,0,,,,,0
2217,2096,,0,,,,,0
2533,2396,,0,,,,,
2516,2380,,0,,,,,0
1958,1845,,0,,,,Aregion^n|,0
2288,2165,,0,,,,,0
2356,2233,,0,,,,,
2456,2323,,0,,,,Aquestion^S|Awedding^S|Asecret^S|,0
2231,2108,,0,,,,Aaction^S|Aarmy^S|Abill^S|Achariot^S|Acity^S|Acountry^S|Adeath^S|Adisciple^S|Adust^S|Aenemy^S|Afaith^S|Afriend^S|Agod^S|AGod^S|Agood^S|Agroup^nS|Aking^S|Akingdom^S|Alanguage^S|Aleader^SnS|Alife^S|ALord^S|Amind^S|Aname^S|Aneighbor^S|Anumber^nS|Aopinion^S|Aperson^S|Apower^S|Aprayer^S|Aprince^S|Areward^S|Aright^S|Aruler^S|Aservant^S|Asin^S|Asoldier^S|Asoul^S|Astreet^S|Athing^S|Athought^S|Atower^S|Atree-fig^S|Avillage^S|Avineyard^S|Avoice^S|Awoman^S|Amessenger^S|Aauthority^S|Aspirit^S|Apicture^S|Awork^S|Aproblem^S|Aearring^S|Aharbor^S|BLord^S|Aresurrection^S|Aspring^S|Apriest^S|Atown^S|Asavior^S|Afield^S|Acrowd^S|Astrength^S|Ateacher^S|Amaster^S|Aslave^S|Aman^S|Atribe^S|Acamp^S|Ahouse^S|Alaw^S|Aheart^S|Adisease^S|Apath^S|Awheat^S|Aoutside^n|Aregion^S|Afeast^S|Avine^S|Acow^S|Aquestion^S|Adeacon^S|Alove^S|Asalvation^S|Aplan^S|Asacrifice^S|Aword^S|AFather^S|Ascribe^S|ABethlehem^n|ARachel^n|Afork^S|Aplace^S|Achurch^S|Alight^S|Bchurch^S|Asynagogue^S|Alip^|Ainside^S|Atreasure^S|Blife^S|Afurnace^S|Amarriage^S|Anation^S|Ajewelry^S|Atrouble^S|Acattle^S|Amark^S|Aoffering-grain^S|Atree-Acacia^S|ASanhedrin^|Apearl^S|Atooth^|Apain^S|Apromise^S|Acheek^|Acountry/Akingdom^|Atree^S|Amessage^S|Amark/Aseal^|Aseal^S|,0
2390,2265,,0,,,,,0
2455,2322,,0,,,,Acity^S|,0
2394,2268,,0,,,,,0
2284,2161,,0,,,,,11100
2423,2292,,0,,,,,0
2862,2702,,0,,,,Awood^n|Bwood^nB|,0
2095,1977,,0,,,,Awater^n|,0
2243,2119,,0,,,,Aslave^S|Asoldier^S|Agiant^S|Aarmy^S|Agod^n|Aregion^S|Apriest^S|Amagician^S|Acountry^S|Asin^S|Acamp^S|Aservant^S|Aofficer^S|Aland^S|Adiviner^S|Acommander^n|,0
467,441,,0,,,,,0
2030,1916,,0,,,,,0
2440,2307,,0,,,,,11100
466,440,,0,,,,,0
2699,2549,,0,,,,,11100
993,934,,0,,,,,0
2357,2234,,0,,,,,11100
619,577,,0,,,,Acage^SB|Amanure^S|Bpen^B|,0
2475,2341,,0,,,,Amind^S|Athought^S|,11100
2697,2548,,0,,,,Awing^|Abody^|,11100
2051,1934,,0,,,,Aperson^n|Atribe^n|,0
2241,2117,,0,,,,,0
2252,2128,,0,,,,Asoldier^S|,0
2282,2159,,0,,,,,0
2280,2158,,0,,,,,
2257,2133,,0,,,,,
2273,2150,,0,,,,,0
2296,2173,,0,,,,,0
2379,2255,,0,,,,,
2253,2129,,0,,,,,0
2355,2232,,0,,,,,0
2404,2277,,0,,,,,0
2395,2269,,0,,,,,11100
2298,2175,,0,,,,,0
2477,2343,,0,,,,,11100
2610,2472,,0,,,,,0
2238,,,0,,,,,0
2385,2261,,0,,,,,11100
2297,2174,,0,,,,,
2311,2188,,0,,,,Aname^S|,11100
2365,2242,,0,,,,,0
2433,2301,,0,,,,Acountry^S|Afather^nS|Aname^S|Agod^S|Aenemy^S|Apower^S|Aperson^S|Atime^S|Aofficial^S|Afood^S|Asoldier^S|,0
2146,2025,,0,,,,,
2566,2428,,0,,,,,0
2380,2256,,0,,,,,0
2492,2357,,0,,,,Aamount^n|,0
2386,2262,,0,,,,,0
2267,2143,,0,,,,,0
2559,2421,,0,,,,,0
2320,2195,,0,,,,,
2472,2339,,0,,,,,0
2202,2083,,0,,,,,
2496,2360,,0,,,,,0
2450,2317,,0,,,,,
2391,,,0,,,,,0
607,566,,0,,,,Agroup^|,0
2512,2376,,0,,,,Amaster^S|Bmaster^S|,
2329,2206,,0,,,,,0
2332,2209,,0,,,,,0
2351,2228,,0,,,,,0
2353,2230,,0,,,,,0
2407,2278,,0,,,,,0
2370,2247,,0,,,,,
2403,2276,,0,,,,,
2330,2207,,0,,,,,0
2417,2288,,0,,,,,
2352,2229,,0,,,,Aneighbor^n|,0
2331,2208,,0,,,,,
2350,2225,,0,,,,,0
2382,2258,,0,,,,,0
2560,2422,,0,,,,,
2431,2299,,0,,,,,
2489,2354,,0,,,,,0
2494,2359,,0,,,,,0
2362,2239,,0,,,,,11100
2400,2274,,0,,,,,
2572,2434,,0,,,,,0
2348,2226,,0,,,,,0
2660,2516,,0,,,,Awisdom^S|Awork^S|Aprayer^S|Aworker^S|Asin^S|AGod^S|Aenemy^S|Anation^S|Aofficial^S|Aservant^S|Alife^S|Akingdom^S|Aname^S|Atable^S|Ckingdom^S|Apalace^S|Akingdom/Anation^|Ahouse/Apalace^|Anation/Ckingdom^|Achariot^S|Acountry^S|Amessage^S|Aword^S|Aslave^S|Asoldier^S|Aperson^S|Aarmy^S|Acaptain^S|Abuilding^S|Acity^S|Aguest^S|,0
2460,2327,,0,,,,Apart^n|Astring^|,11100
2420,,,0,,,,,0
2667,2523,,0,,,,Adisciple^S|Aenemy^S|Aangel^S|Bkingdom^S|,0
2453,2320,,0,,,,,0
2445,2312,,0,,,,,0
2438,2305,,0,,,,,0
2535,2398,,0,,,,,
2695,2546,,0,,,,,11100
2829,2666,,0,,,,Afriend^S|,
2555,2417,,0,,,,,0
2416,2287,,0,,,,,11100
2592,2454,,0,,,,,
2389,2264,,0,,,,,0
2471,2338,,0,,,,,11100
2529,2392,,0,,,,,
2628,2486,,0,,,,Amaster^n|,11100
2091,1973,,0,,,,,0
2138,2017,,0,,,,,11100
2184,2064,,0,,,,,
2376,2252,,0,,,,Avillage^S|,11100
2378,2254,,0,,,,,0
2137,,,0,,,,,0
2369,2246,,0,,,,,0
2408,2279,,0,,,,Awest^|,0
2409,2280,,0,,,,,0
2413,2282,,0,,,,,0
1923,1813,,0,,,,,0
2333,2210,,0,,,,,
2439,2306,,0,,,,,11100
1807,1705,,0,,,,,0
2501,2366,,0,,,,,
2532,2395,,0,,,,,0
2447,2314,,0,,,,,
1854,1745,,0,,,,,11100
2506,2371,,0,,,,,0
2837,2674,,0,,,,,
1864,1755,,0,,,,,0
2820,2658,,0,,,,,0
2825,2663,,0,,,,,0
2848,2684,,0,,,,,
2632,2490,,0,,,,,11100
2511,2376,,0,,,,Aboss^S|Ajob^S|Aman^S|Amaster^S|Aslave^S|Awork^S|Aservant^S|Awound^S|Alife^S|Aname^S|Aprayer^S|Aheart^|Aear^|,0
1751,1651,,0,,,,,0
1811,1709,,0,,,,,0
2224,2102,,0,,,,,
2553,2415,,0,,,,,
2194,2075,,0,,,,Ameaning^n|Ameal^B|Afeast^n|Aholiday/Afeast^|Aday^|,0
2548,2410,,0,,,,Bpen^B|Ashepherd^S|,0
1980,1866,,0,,,,,0
1084,,,0,,,,,0
2454,2321,,0,,,,Atown^S|,0
1866,1757,,0,,,,,
2645,2502,,0,,,,Adisease^B|,0
2299,2176,,0,,,,,0
2306,2183,,0,,,,,0
2307,2184,,0,,,,,0
2415,2286,,0,,,,Aside^nS|Aeast^n|,0
2451,2318,,0,,,,,0
2487,2352,,0,,,,,0
2490,2355,,0,,,,,0
2302,2179,,0,,,,,0
2399,2273,,0,,,,Astone^n|,0
2310,2187,,0,,,,Adeath^S|Atomb^S|Abook^n|Abull^S|Acow^S|Amessage^S|Atown^S|,11100
2437,2304,,0,,,,,0
2131,2011,,0,,,,Adream^S|Atemple^S|Aleader^S|Aservant^S|Ahouse^S|Afriend^S|Aroof^S|Asoldier^S|,0
2266,2142,,0,,,,,11100
2340,2217,,0,,,,,11100
2441,2308,,0,,,,,11100
2442,2309,,0,,,,Aquestion^S|,0
2800,2643,,0,,,,,11100
845,793,,0,,,,,0
2552,2414,,0,,,,,0
2495,2361,,0,,,,Amountain^n|,0
806,757,,0,,,,,0
1925,1815,,0,,,,,
2424,2293,,0,,,,Adoor^n|ATobiah^|Awall^|Ainside^|Amiddle^|Aentrance^|Awidth^|,0
2586,2448,,0,,,,,0
2626,2485,,0,,,,Afriend^S|,0
2182,2062,,0,,,,,
2234,2111,,0,,,,,0
2709,2558,,0,,,,Ameaning^|,0
2426,2294,,0,,,,,11100
2478,2347,,0,,,,Aside^n|Amiddle^n|Ashore^S|,0
2291,2168,,0,,,,,0
2587,2449,,0,,,,Adoor^S|,0
2347,2224,,0,,,,,0
943,888,,0,,,,,0
2557,2419,,0,,,,,0
2678,2532,,0,,,,,
2864,2697,,0,,,,Abranch^n|,0
2899,2733,,0,,,,,0
2902,2736,,0,,,,,
2904,2738,,0,,,,,
2905,2739,,0,,,,,
2908,2742,,0,,,,,0
2909,2743,,0,,,,,0
2911,2750,,0,,,,,0
2913,2751,,0,,,,,0
2915,2744,,0,,,,,
2916,2753,,0,,,,,
2918,2755,,0,,,,,0
2919,2745,,0,,,,,
2920,2756,,0,,,,,0
2921,2757,,0,,,,,0
2923,1484,,0,,,,,0
2924,2759,,0,,,,,0
2926,2746,,0,,,,,
2927,1619,,0,,,,,0
2928,2761,,0,,,,,0
2930,2747,,0,,,,,
2931,2748,,0,,,,,
2934,2765,,0,,,,,11100
2935,2766,,0,,,,,0
2938,2769,,0,,,,Amanuscript^n|,
2940,2771,,0,,,,Achief^B|Aname^n|Acourt^|,0
2941,2772,,0,,,,Awine^S|,11100
2942,2773,,0,,,,,11100
2944,2775,,0,,,,,11100
2945,2776,,0,,,,,11100
2947,2778,,0,,,,,0
2948,2779,,0,,,,,11100
2949,2780,,0,,,,,
2950,,,0,,,,,11100
2983,2811,,0,,,,,11100
2994,2821,,0,,,,Apiece^|,0
3053,2878,,0,,,,,0
3056,2880,,0,,,,,0
2937,2768,,0,,,,,11100
3003,2830,,0,,,,Blight^n|,
2398,2272,,0,,,,Afruit^n|Apath^n|,11100
2406,,,0,,,,,
2430,2298,,0,,,,,
2434,2302,,0,,,,Acountry^S|Aperson^S|AGod^S|Agod^S|Amaster^S|Akinsman-redeemer^S|Aproperty^S|Astory^S|Bmaster^S|,0
2429,2297,,0,,,,,0
2517,2381,,0,,,,,
2435,2302,,0,,,,,0
2452,2319,,0,,,,,11100
2515,2379,,0,,,,,0
2531,2394,,0,,,,,0
2410,2281,,0,,,,Awater^n|Aplain^|,0
2547,2408,,0,,,,Afriend^Sn|Aland^Sn|Athing^Sn|Atown^Sn|Awoman^Sn|Acity^S|Aman^S|,0
2045,1929,,0,,,,,0
2514,2378,,0,,,,,0
2554,2416,,0,,,,,0
2781,2626,,0,,,,Adoor^n|Aentrance^S|,0
2571,2433,,0,,,,,0
2817,2655,,0,,,,,0
2690,2542,,0,,,,Ashape^n|,11100
2842,2679,,0,,,,,
2444,2311,,0,,,,Aneighbor^n|,0
2605,2467,,0,,,,,0
2538,2401,,0,,,,,0
2567,2429,,0,,,,,
2558,2420,,0,,,,AGod^S|Aslave^S|,0
2851,2688,,0,,,,,0
1518,1434,,0,,,,,
2507,2372,,0,,,,,0
2600,2462,,0,,,,,0
2565,2427,,0,,,,Asavior^S|Afield^S|,11100
2573,2435,,0,,,,,11100
2589,2451,,0,,,,Acloth^S|,0
1151,1083,,0,,,,,11100
1570,1482,,0,,,,,
1708,1609,,0,,,,Amessage^|,11100
2717,2567,,0,,,,,11100
2464,2331,,0,,,,Aslave^S|,0
2483,2346,,0,,,,Awater^|Ashore^|,0
2509,2374,,0,,,,,0
2504,2369,,0,,,,,
1471,1388,,0,,,,,0
2476,2342,,0,,,,Asong^Bn|Apart^|,11100
2574,2436,,0,,,,,0
2656,2512,,0,,,,Aarmy^n|,0
2575,2437,,0,,,,,0
2630,2488,,0,,,,,0
2650,2506,,0,,,,,11100
2612,2474,,0,,,,,0
2784,2629,,0,,,,Aperson^n|,0
2544,2406,,0,,,,,0
2615,2476,,0,,,,,0
2616,2478,,0,,,,,0
2599,2461,,0,,,,,0
2818,2656,,0,,,,,0
2502,2367,,0,,,,,0
2619,2479,,0,,,,,
2488,2353,,0,,,,,0
2830,2667,,0,,,,,0
2843,2680,,0,,,,,11100
2468,2335,,0,,,,Aarmy^S|Asoldier^S|Aman^S|Aservant^S|Aquestion^S|Akingdom^S|Acamp^S|Aenemy^S|Asin^S|Aneighbor^S|Aarmor^S|Aofficer^S|Aplan^S|Ashepherd^S|Ason-in-law^S|Aname^S|Aprayer^S|Afriend^S|Aslave^S|AGod^S|Aofficial^S|Acommander^S|,0
2582,2444,,0,,,,,0
2728,2577,,0,,,,,11100
2739,2587,,0,,,,,
1694,1599,,0,,,,Ameat^S|,11100
2789,2633,,0,,,,Afriend^n|,0
375,343,,0,,,,,0
1534,1450,,0,,,,,0
1000,939,,0,,,,Apocket^S|Aenemy^S|Asin^S|Agroup^|Aservant^S|Bservant^S|Aaction^S|Aear^-|Amaster^S|,
2579,2440,,0,,,,,0
2715,2564,,0,,,,,0
1005,942,,0,,,,,11100
2707,2557,,0,,,,Awind^n|,0
2493,2358,,0,,,,,0
2519,2383,,0,,,,,0
2520,,,0,,,,,0
2522,2385,,0,,,,,
2142,2021,,0,,,,Apriest^nSn|,0
2550,2412,,0,,,,,
2213,2093,,0,,,,,
1956,1843,,0,,,,,0
2112,,,0,,,,,0
1759,1658,,0,,,,Anumber^n|,11100
2580,2442,,0,,,,,
1817,1713,,0,,,,,
2543,2406,,0,,,,Aking^S|,0
2540,2403,,0,,,,,11100
2808,2649,,0,,,,,11100
2521,2384,,0,,,,,0
1762,1661,,0,,,,Acity^S|Acommand^S|Aenemy^S|Aglory^S|Alaw^S|Amessage^S|AMessiah^S|Aname^S|Aplace^S|Apower^S|Aservant^S|Asoldier^S|Aside^S|Aauthority^S|Agrace^S|Aangel^S|Aservant/Aangel^|Atemple^S|Aprophet^S|Aperson^S|Ahill^S|Atruth^S|,0
879,834,,0,,,,,0
2503,2368,,0,,,,,0
2539,2402,,0,,,,,0
2711,2560,,0,,,,Aamount^n|,11100
2662,2517,,0,,,,Aname^S|,11100
2846,2686,,0,,,,Aprice^n|Atop^n|,0
2344,2221,,0,,,,,0
2621,2481,,0,,,,,0
2761,608,,0,,,,,11100
2585,2447,,0,,,,,
1927,1817,,0,,,,,0
2757,2604,,0,,,,,0
2706,2556,,0,,,,,11100
2635,2493,,0,,,,Achariot^S|Aarmy^S|Asoldier^S|Btemple^S|,0
2659,2515,,0,,,,Acaptain^S|Achariot^S|Atemple^S|Aleader^S|Aman^S|AGod^S|Ahorse^S|Acity^S|Aenemy^S|Agiant^S|Acamp^S|AHerod^S|Asound^S|Anumber^n|,0
1764,1664,,0,,,,Aenemy^S|,11100
2686,2538,,0,,,,,11100
2865,2698,,0,,,,,
390,357,,0,,,,Arow^n|Anumber^n|,11100
1729,1631,,0,,,,Apart^n|,0
2272,2149,,0,,,,Afruit^Sn|Akind^n|Agarden^n|Ashadow^S|Abranch^S|Aseed^|,0
2360,2237,,0,,,,,0
1758,1657,,0,,,,,11100
1809,1707,,0,,,,,
1741,1643,,0,,,,Aday^nS|Aend^n|Bend^|,0
1843,1735,,0,,,,,0
2303,2180,,0,,,,Aservant^S|Aslave^S|,11100
2581,2443,,0,,,,Amaster^S|Aking^S|Aslave^S|Asin^S|,0
2755,2602,,0,,,,,0
2634,2492,,0,,,,,
2649,2505,,0,,,,Amaster^S|Aear^S|,11100
2675,2529,,0,,,,,11100
2693,2544,,0,,,,,11100
2191,2070,,0,,,,,
1736,1636,,0,,,,Apriest^n|,0
1882,1773,,0,,,,,0
2624,2484,,0,,,,Aplan^S|,0
2819,2657,,0,,,,,0
2652,2508,,0,,,,,0
2679,,,0,,,,,
2753,2600,,0,,,,,11100
2785,2630,,0,,,,,0
2498,2363,,0,,,,,0
2779,2624,,0,,,,,11100
2849,2685,,0,,,,,
2617,2479,,0,,,,,11100
2760,2607,,0,,,,,0
2786,2631,,0,,,,,0
2259,2135,,0,,,,,0
1867,1775,,0,,,,,0
2109,1990,,0,,,,,0
2536,2399,,0,,,,,0
1861,1753,,0,,,,,
1845,1737,,0,,,,,0
3057,2881,,0,,,,,0
3058,2882,,0,,,,,0
3059,2883,,0,,,,,0
3060,2884,,0,,,,,0
2002,1888,,0,,,,,0
2783,2628,,0,,,,,0
2854,2691,,0,,,,,11100
1771,1672,,0,,,,,0
2393,2267,,0,,,,,
2524,2387,,0,,,,AGod^S|,0
2663,2518,,0,,,,Aname^S|,11100
2859,2694,,0,,,,Afruit^n|,0
2860,2695,,0,,,,,0
2861,2696,,0,,,,Apiece^|Apole^|,0
2863,2703,,0,,,,Aleaf^n|Afruit^n|Abranch^n|,0
2867,2700,,0,,,,Aoil^S|Agarden^|,0
2868,2704,,0,,,,Acity^n|Apicture^n|,0
2870,2706,,0,,,,,0
2872,2708,,0,,,,,
1666,1573,,0,,,,,0
550,514,,0,,,,,11100
1664,1571,,0,,,,,0
1761,,,0,,,,,
2906,2740,,0,,,,,0
2268,2145,,0,,,,Aneighbor^n|Aname^S|Asynagogue^|,0
543,508,,0,,,,Akind^n|Apiece^n|Afeast^n|Aloaf^|,0
653,611,,0,,,,,0
1678,1583,,0,,,,Afield^n|,0
1722,1624,,0,,,,,0
2897,2731,,0,,,,Acaptain^S|,
3063,2887,,0,,,,,0
3064,2888,,0,,,,,0
3065,2889,,0,,,,,0
3066,2890,,0,,,,,0
3069,2893,,0,,,,Amaster^S|Aservant^S|Aking^S|,
3072,2896,,0,,,,,
3075,2899,,0,,,,,0
1770,1671,,0,,,,,0
2869,2705,,0,,,,,
2874,2710,,0,,,,Aman^n|Aregion^S|Aland^S|Aperson^n|Asoldier^n|Awoman^n|Aname^S|Amountain^S|Ahill^S|Aancestor^n|Apriest^n|,0
2655,2511,,0,,,,,0
2594,2456,,0,,,,,
2603,2465,,0,,,,,0
2607,2469,,0,,,,,
2611,2473,,0,,,,,11100
2614,2477,,0,,,,Agod^n|Aman^n|,0
2620,2480,,0,,,,Asoldier^S|Aarmy^S|Aregion^S|Acountry^S|,0
2622,2482,,0,,,,,0
2627,2485,,0,,,,,0
2665,2521,,0,,,,,
2666,2522,,0,,,,,0
2759,2606,,0,,,,,0
2551,2413,,0,,,,,
2704,2554,,0,,,,,
2809,2650,,0,,,,,0
2641,2498,,0,,,,,0
2657,2513,,0,,,,,0
2631,2489,,0,,,,,0
2736,2584,,0,,,,Aarmy^S|,0
2832,2669,,0,,,,,0
2636,2495,,0,,,,Aname^S|,0
2840,2677,,0,,,,,0
2633,2491,,0,,,,,0
2661,2517,,0,,,,Afriend^S|AGod^S|Aman^S|Aname^S|Awoman^S|Aservant^S|Alife^S|Akingdom^S|Aperson^S|Acorpse^|AAaron^|,0
2756,2603,,0,,,,,11100
2884,2719,,0,,,,,
2826,2664,,0,,,,,0
1155,1087,,0,,,,Avine^B|Abush^B|Afarm^B|Aplant^B|Agarden^B|,11100
1628,1536,,0,,,,,0
2601,2463,,0,,,,,0
2677,2531,,0,,,,,0
2774,2620,,0,,,,,
3037,2864,,0,,,,,0
2229,2107,,0,,,,Aperson^n|,0
2754,2601,,0,,,,,
2795,2641,,0,,,,Ameaning^n|Apower^n|Akind^n|Aamount^n|Aend^|,0
2827,,,0,,,,,0
2883,2718,,0,,,,,11100
2639,2496,,0,,,,,11100
2640,2497,,0,,,,,0
2643,2500,,0,,,,,
2646,2503,,0,,,,Aplace^n|,11100
2647,2504,,0,,,,Apart^|,0
2654,2510,,0,,,,,0
1871,1761,,0,,,,Afat^n|,0
2670,2524,,0,,,,,
1841,1734,,0,,,,Abook^S|,0
1872,1762,,0,,,,,0
1725,1627,,0,,,,,11100
1782,1681,,0,,,,,0
2765,2611,,0,,,,,0
2534,2397,,0,,,,,
844,792,,0,,,,,
2814,2654,,0,,,,,
1913,1805,,0,,,,,
2720,2570,,0,,,,,0
2839,2676,,0,,,,Asound^n|,0
2841,2678,,0,,,,Afloor^B|Abasket^|,0
2802,2645,,0,,,,,0
2838,2675,,0,,,,,0
2875,2711,,0,,,,Ason^n|,0
1424,1346,,0,,,,,0
1625,1533,,0,,,,,0
1667,1569,,0,,,,,0
1717,1618,,0,,,,Amountain^n|Aneighbor^S|Atree-cedar^n|,0
3076,2900,,0,,,,,0
3077,2901,,0,,,,,0
3079,2903,,0,,,,,0
1096,1028,,0,,,,,0
1473,1390,,0,,,,,0
2852,2689,,0,,,,,11100
1776,,,0,,,,,11100
2689,2541,,0,,,,,11100
1749,1649,,0,,,,,11100
1797,1695,,0,,,,Astick^S|Astick/Astaff^|Astaff^S|,11100
2684,2536,,0,,,,Apower^S|,0
2685,2537,,0,,,,,11100
2701,2551,,0,,,,,0
2702,2552,,0,,,,Apiece^n|Apile^n|Aamount^n|Ablock^|Apit^|Arow^n|Aline^n|,0
2703,2553,,0,,,,,0
2708,2558,,0,,,,Ameaning^S|,0
2714,2563,,0,,,,Acorner^|,0
2718,2568,,0,,,,Astone^B|Apart^n|Acorner^|,0
2719,2569,,0,,,,Ateacher^S|,0
2722,2572,,0,,,,,0
2723,2573,,0,,,,,11100
2725,2638,,0,,,,,0
2726,2575,,0,,,,Alight^S|,0
2727,2576,,0,,,,,
2733,2582,,0,,,,,11100
2734,2583,,0,,,,,0
1810,1708,,0,,,,,0
2766,2612,,0,,,,,0
2767,2613,,0,,,,,0
2738,2586,,0,,,,,0
2801,2644,,0,,,,,0
2823,2661,,0,,,,,
2797,2641,,0,,,,Ameaning^S|,0
1298,1224,,0,,,,,0
1353,1277,,0,,,,,0
2877,2712,,0,,,,,11100
2879,2714,,0,,,,,0
2880,2715,,0,,,,,0
2984,2812,,0,,,,Atip^|,0
2729,,,0,,,,,11100
2995,2822,,0,,,,Aamount^n|,
3081,2905,,0,,,,,0
3082,2906,,0,,,,,0
3083,2907,,0,,,,,0
2691,2543,,0,,,,,11100
2700,2550,,0,,,,,0
2882,2717,,0,,,,,11100
2712,2561,,0,,,,Awater^S|,0
2741,2589,,0,,,,Atable^S|Alamp^S|,11100
2743,2591,,0,,,,,11100
2744,2592,,0,,,,,0
2745,2593,,0,,,,,0
2748,2596,,0,,,,,
2750,2598,,0,,,,,
2751,2599,,0,,,,,0
2752,2708,,0,,,,,11100
1993,1879,,0,,,,,0
2384,2260,,0,,,,,0
1693,1598,,0,,,,,0
1814,1712,,0,,,,,0
1835,1728,,0,,,,,0
1875,1765,,0,,,,,0
2102,,,0,,,,,0
2769,2617,,0,,,,,
2770,2618,,0,,,,,
2772,2616,,0,,,,,0
2773,2619,,0,,,,,0
2776,2622,,0,,,,,0
2777,2624,,0,,,,Atop^n|Asoldier^BnB|Aofficer^B|Awall^n|Apillar^n|Aofficial^n|Apart^n|Acourtyard^|Athing^S|Aroom^|Acurtain^S|Aroof^|Afloor^|Bback^|Ainside^|Atreasury^|AMost-Holy-Place^|Aporch^|,11100
2778,2623,,0,,,,,0
2822,2660,,0,,,,,11100
2824,2662,,0,,,,,0
2039,1924,,0,,,,,0
2850,2687,,0,,,,Agate^B|Aname^nS|Acenter^n|Adust^n|Acourt^n|Asynagogue^n|,0
1670,1575,,0,,,,,0
1849,1741,,0,,,,,0
2985,2813,,0,,,,,0
2810,2651,,0,,,,,0
3086,2910,,0,,,,,0
3089,2913,,0,,,,,0
3093,,,0,,,,,
2457,2324,,0,,,,Abed^S|Aname^S|AGod^S|Aservant^S|Aprayer^S|,0
3109,,,0,,,,,
2771,2615,,0,,,,,0
1714,1615,,0,,,,Aprayer^S|Aslave^S|Aservant^S|,0
1930,1819,,0,,,,,
1853,1744,,0,,,,,11000
2130,2010,,0,,,,,0
2788,2632,,0,,,,,
2796,2641,,0,,,,,0
2798,2641,,0,,,,Ameaning^n|Anumber^n|,0
2170,2050,,0,,,,Acourtyard^B|Agarden^B|Agate^B|Aroof^B|Awall^B|Aguard^B|,11100
2804,,,0,,,,,0
2806,2647,,0,,,,,0
2807,2648,,0,,,,,
1912,1804,,0,,,,,
2815,2654,,0,,,,,11000
2816,2654,,0,,,,Aamount^p|,
1795,1693,,0,,,,,0
1806,1704,,0,,,,,0
1950,1836,,0,,,,,
2119,1998,,0,,,,,0
2833,2670,,0,,,,,0
2790,2634,,0,,,,,0
1720,1622,,0,,,,Asouth^n|,0
1894,1786,,0,,,,Anurse^S|Aservant^SS|Amaster^S|Aking^S|,
1948,1834,,0,,,,,0
1957,1844,,0,,,,,
2881,2716,,0,,,,,0
2901,2735,,0,,,,,0
2148,2027,,0,,,,,
2159,2038,,0,,,,,0
551,516,,0,,,,Aaction^S|Aage^S|AGod^S|Aking^S|Aman^S|Amaster^S|Aslave^S|Awheat^S|Awoman^S|Awork^S|Aland^S|Awheat/Asheaf^|Asheaf^S|Alife^S|Aenemy^S|,0
1876,1767,,0,,,,,0
2989,2817,,0,,,,,11100
2577,2439,,0,,,,,0
2953,2785,,0,,,,Atop^n|,0
2421,,,0,,,,,0
3096,,,0,,,,,
2912,237,,0,,,,,0
2710,2559,,0,,,,,11100
2889,2724,,0,,,,,0
2936,2767,,0,,,,Acity^|Aprice^n|,11100
2204,2085,,0,,,,Atime^BB|Atreaty^B|Aoffering^B|,0
878,833,,0,,,,,0
1997,1883,,0,,,,,0
2044,1928,,0,,,,Alist^n|Aark-of-the-covenant^n|Aauthority^n|Aname^|,0
2834,2671,,0,,,,,0
1924,1814,,0,,,,,0
1961,1847,,0,,,,,11100
2041,1925,,0,,,,,0
1926,1816,,0,,,,,0
2164,2044,,0,,,,,11100
2313,2189,,0,,,,,11100
2497,2362,,0,,,,,0
1928,1818,,0,,,,Apriest^S|,0
2083,1965,,0,,,,,0
2271,2148,,0,,,,Apart^n|,0
1859,1751,,0,,,,,0
1902,1794,,0,,,,,11100
2564,2426,,0,,,,,
1705,1607,,0,,,,,0
1726,1628,,0,,,,,11100
2887,2722,,0,,,,Aregion^|,0
2888,2723,,0,,,,,0
2891,,,0,,,,,0
2893,2727,,0,,,,,
2894,2728,,0,,,,,0
2895,2729,,0,,,,,0
1753,1653,,0,,,,,0
2336,2213,,0,,,,,0
1878,1769,,0,,,,,0
2898,2732,,0,,,,,
1974,1860,,0,,,,,
3099,,,0,,,,,
1734,1635,,0,,,,,
1760,1659,,0,,,,,
3113,,,0,,,,,
2855,2692,,0,,,,Aroom^S|Aroom/Astoreroom^|,11100
3040,2867,,0,,,,Aharbor^S|Atribe^n|,0
2952,2782,,0,,,,,0
2955,2783,,0,,,,,
2956,2784,,0,,,,,
2958,2787,,0,,,,Atop^n|Awall^n|Aplace^S|Apile^n|Atunnel^B|Acup^|,0
2959,2788,,0,,,,,0
2960,2789,,0,,,,,0
2962,2791,,0,,,,,0
2963,2792,,0,,,,,0
2965,2794,,0,,,,,0
2966,2795,,0,,,,,11100
2967,2796,,0,,,,Aday^n|,0
2970,2799,,0,,,,,0
2971,2800,,0,,,,Apart^|,0
2978,2806,,0,,,,Aname^S|Afriend^S|Aservant^S|,0
2979,2807,,0,,,,,11100
2981,2809,,0,,,,,0
1715,1616,,0,,,,,
2190,2071,,0,,,,,
2373,2250,,0,,,,,0
2401,2275,,0,,,,Astring^S|,0
2481,2350,,0,,,,Ashore^n|,0
1879,1770,,0,,,,,
2885,2720,,0,,,,Ababy^B|Aboy^B|,11100
2990,2818,,0,,,,Aenemy^S|Afriend^S|Amilk^S|Aname^S|Aneighbor^S|Atear^S|Awomb^S|Aline^S|Asoldier^S|Amaster^S|Atown^S|Aking^S|Acity^S|Adisease^S|Afaith^S|Amarriage^S|Apain^S|Abreast^|Aaction^S|,0
2992,2820,,0,,,,,0
2993,2820,,0,,,,Apiece^|Arow^n|Apiece/Bboard^|,0
650,607,,0,,,,,11100
684,642,,0,,,,Afront^n|,0
2688,2540,,0,,,,,
2997,2824,,0,,,,,
2010,1897,,0,,,,,0
3005,2832,,0,,,,,0
3038,2865,,0,,,,,
3039,2866,,0,,,,,0
3119,,,0,,,,,
1310,1237,,0,,,,Atop^n|,0
3041,2867,,0,,,,Aperson^n|Atribe^n|,0
2549,2411,,0,,,,,0
2201,2082,,0,,,,Avillage^S|,0
2998,2825,,0,,,,,0
2999,2826,,0,,,,Ameaning^n|AChrist^B|AMessiah^B|Arabbi^B|AJesus^|,0
3001,2828,,0,,,,,0
3002,2829,,0,,,,Aboss^S|Aleader^nS|,11100
756,711,,0,,,,,0
1181,1113,,0,,,,,
1743,1644,,0,,,,,11100
1746,1645,,0,,,,,0
1756,1660,,0,,,,,
2694,2545,,0,,,,Aend^n|Atop^n|Apart^|,11100
3006,2833,,0,,,,,0
3007,2834,,0,,,,Akingdom^S|Alaw^S|Aofficial^S|Asoldier^S|,0
3009,"1665,2836",,0,,,,Aark-of-the-covenant^S|Aname^S|,0
3010,2837,,0,,,,Aentrance^|,
3011,2838,,0,,,,,0
3014,2841,,0,,,,,11100
3016,2843,,0,,,,,0
3017,2844,,0,,,,,
3018,2845,,0,,,,,
3020,2847,,0,,,,,
3021,2848,,0,,,,,0
3023,2850,,0,,,,,
3024,2851,,0,,,,,
3025,2852,,0,,,,,
3027,2854,,0,,,,Aarmy^S|,0
3028,2855,,0,,,,,0
3030,2857,,0,,,,,0
3031,2858,,0,,,,,0
3032,2859,,0,,,,,0
3055,,,0,,,,,0
3122,,,0,,,,,
3125,,,0,,,,,
743,699,,0,,,,,
2682,2535,,0,,,,Aname^S|Apower^S|ASatan^n|Akind^|,11000
1264,1194,,0,,,,AGod^n|Awoman^B|Aword^B|,0
3188,,,0,,,,,
3191,,,0,,,,,
3195,,,0,,,,,
3198,,,0,,,,,
3201,,,0,,,,,
3205,,,0,,,,,
3208,,,0,,,,,
3211,,,0,,,,,
3215,,,0,,,,,
3218,,,0,,,,,
3221,,,0,,,,,
3224,,,0,,,,,
3228,,,0,,,,,
3231,,,0,,,,,
3234,,,0,,,,,
3238,,,0,,,,,
3241,,,0,,,,,
3244,,,0,,,,,
3248,,,0,,,,,
3251,,,0,,,,,
3254,,,0,,,,,
3258,,,0,,,,,
3261,,,0,,,,,
3264,,,0,,,,,
3267,,,0,,,,,
3271,,,0,,,,,
3274,,,0,,,,,
3277,,,0,,,,,
3281,,,0,,,,,
3284,,,0,,,,,
3287,,,0,,,,,
3291,,,0,,,,,
3294,,,0,,,,,
3297,,,0,,,,,
3301,,,0,,,,,
3304,,,0,,,,,
3307,,,0,,,,,
3310,,,0,,,,,
3034,2861,,0,,,,,0
3035,2862,,0,,,,Aarmy^S|,0
3036,2863,,0,,,,,0
3061,2885,,0,,,,,0
3062,2886,,0,,,,,0
3067,2891,,0,,,,,0
3068,2892,,0,,,,,0
3070,2894,,0,,,,,0
3071,2895,,0,,,,,0
3073,2897,,0,,,,,0
3074,2898,,0,,,,,0
3078,2902,,0,,,,,0
3080,2904,,0,,,,,
3084,2908,,0,,,,,0
3085,2909,,0,,,,,
3087,2911,,0,,,,,0
3088,2912,,0,,,,,0
3090,2914,,0,,,,Aclan^S|,0
3091,2915,,0,,,,,0
3092,2916,,0,,,,,0
3094,,,0,,,,,
3095,,,0,,,,,
3097,,,0,,,,,
3098,,,0,,,,,
3100,,,0,,,,,
3101,,,0,,,,,
3102,,,0,,,,,
518,483,,0,,,,,11100
669,627,,0,,,,,0
3130,,,0,,,,,
3134,,,0,,,,,
629,586,,0,,,,,0
3000,2827,,0,,,,,
2847,2683,,0,,,,,
378,346,,0,,,,Aking^S|Atown^S|Amaster^S|,
521,486,,0,,,,Apart^n|Akind^n|Amanuscript^n|,0
794,747,,0,,,,,11100
961,903,,0,,,,,11100
772,,,0,,,,,
1672,1577,,0,,,,,0
1748,1648,,0,,,,,0
1808,1706,,0,,,,,
1901,1793,,0,,,,,11100
1921,1811,,0,,,,,0
1971,1857,,0,,,,,0
3044,2869,,0,,,,,
3045,2870,,0,,,,,0
3046,2871,,0,,,,,
3048,2873,,0,,,,,
3049,2874,,0,,,,,0
3050,2875,,0,,,,,0
3052,2877,,0,,,,,0
3054,2879,,0,,,,,0
2260,2136,,0,,,,,0
3138,,,0,,,,,
3142,,,0,,,,,
3145,,,0,,,,,
3148,,,0,,,,,
3152,,,0,,,,,
3155,,,0,,,,,
3158,,,0,,,,,
3162,,,0,,,,,
3165,,,0,,,,,
3168,,,0,,,,,
3171,,,0,,,,,
3175,,,0,,,,,
3178,,,0,,,,,
3181,,,0,,,,,
3185,,,0,,,,,
1897,1789,,0,,,,,
599,559,,0,,,,Aentrance^-|,11100
1036,969,,0,,,,Aman^n|Aregion^n|ACana^|,0
1259,1188,,0,,,,Ahair^|,0
2101,1983,,0,,,,Aoffering^S|Atime^S|Alife^S|,0
3315,,,0,,,,,
3318,,,0,,,,,
3322,,,0,,,,,
3325,,,0,,,,,
3328,,,0,,,,,
3332,,,0,,,,,
3335,,,0,,,,,
3338,,,0,,,,,
3342,,,0,,,,,
3345,,,0,,,,,
3348,,,0,,,,,
3351,,,0,,,,,
3355,,,0,,,,,
3358,,,0,,,,,
3361,,,0,,,,,
3365,,,0,,,,,
3368,,,0,,,,,
3371,,,0,,,,,
3375,,,0,,,,,
3378,,,0,,,,,
3381,,,0,,,,,
3385,,,0,,,,,
3388,,,0,,,,,
3391,,,0,,,,,
3394,,,0,,,,,
3398,,,0,,,,,
3401,,,0,,,,,
3404,,,0,,,,,
3408,,,0,,,,,
3411,,,0,,,,,
3414,,,0,,,,,
3418,,,0,,,,,
3421,,,0,,,,,
3424,,,0,,,,,
3428,,,0,,,,,
3431,,,0,,,,,
3434,,,0,,,,,
3437,,,0,,,,,
3442,,,0,,,,,
3445,,,0,,,,,
3449,,,0,,,,,
3452,,,0,,,,,
3455,,,0,,,,,
3459,,,0,,,,,
3462,,,0,,,,,
3465,,,0,,,,,
3469,,,0,,,,,
3472,,,0,,,,,
3475,,,0,,,,,
3478,,,0,,,,,
3482,,,0,,,,,
3485,,,0,,,,,
3488,,,0,,,,,
3492,,,0,,,,,
3495,,,0,,,,,
3498,,,0,,,,,
3502,,,0,,,,,
3505,,,0,,,,,
3508,,,0,,,,,
3512,,,0,,,,,
3515,,,0,,,,,
3518,,,0,,,,,
3521,,,0,,,,,
3525,,,0,,,,,
3528,,,0,,,,,
3531,,,0,,,,,
3535,,,0,,,,,
3538,,,0,,,,,
3541,,,0,,,,,
3545,,,0,,,,,
3548,,,0,,,,,
3551,,,0,,,,,
3555,,,0,,,,,
3558,,,0,,,,,
3561,,,0,,,,,
3564,,,0,,,,,
3568,,,0,,,,,
3571,,,0,,,,,
3575,,,0,,,,,
3578,,,0,,,,,
3581,,,0,,,,,
3585,,,0,,,,,
3588,,,0,,,,,
3591,,,0,,,,,
3595,,,0,,,,,
3598,,,0,,,,,
3601,,,0,,,,,
3605,,,0,,,,,
3103,,,0,,,,,
3104,,,0,,,,,
3105,,,0,,,,,
3106,,,0,,,,,
3107,,,0,,,,,
3108,,,0,,,,,
3110,,,0,,,,,
3111,,,0,,,,,
3112,,,0,,,,,
3114,,,0,,,,,
3115,,,0,,,,,
3116,,,0,,,,,
3117,,,0,,,,,
3118,,,0,,,,,
3120,,,0,,,,,
3121,,,0,,,,,
3123,,,0,,,,,
3124,,,0,,,,,
3126,,,0,,,,,
3127,,,0,,,,,
3128,,,0,,,,,
3129,,,0,,,,,
3131,,,0,,,,,
3132,,,0,,,,,
3133,,,0,,,,,
3135,,,0,,,,,
3136,,,0,,,,,
3137,,,0,,,,,
3139,,,0,,,,,
3140,,,0,,,,,
3141,,,0,,,,,
3143,,,0,,,,,
3144,,,0,,,,,
3146,,,0,,,,,
3147,,,0,,,,,
3149,,,0,,,,,
3150,,,0,,,,,
3151,,,0,,,,,
3153,,,0,,,,,
3154,,,0,,,,,
3156,,,0,,,,,
3157,,,0,,,,,
3159,,,0,,,,,
3160,,,0,,,,,
3161,,,0,,,,,
3163,,,0,,,,,
3164,,,0,,,,,
3166,,,0,,,,,
3167,,,0,,,,,
3169,,,0,,,,,
3170,,,0,,,,,
3172,,,0,,,,,
3173,,,0,,,,,
3174,,,0,,,,,
3176,,,0,,,,,
3177,,,0,,,,,
3179,,,0,,,,,
3180,,,0,,,,,
3182,,,0,,,,,
3183,,,0,,,,,
3184,,,0,,,,,
3186,,,0,,,,,
3187,,,0,,,,,
3189,,,0,,,,,
3190,,,0,,,,,
3192,,,0,,,,,
3193,,,0,,,,,
3194,,,0,,,,,
3196,,,0,,,,,
3197,,,0,,,,,
3199,,,0,,,,,
3200,,,0,,,,,
3202,,,0,,,,,
3203,,,0,,,,,
3204,,,0,,,,,
3206,,,0,,,,,
3207,,,0,,,,,
3209,,,0,,,,,
3210,,,0,,,,,
3212,,,0,,,,,
3213,,,0,,,,,
3214,,,0,,,,,
3216,,,0,,,,,
3217,,,0,,,,,
3219,,,0,,,,,
3220,,,0,,,,,
3222,,,0,,,,,
3223,,,0,,,,,
3225,,,0,,,,,
3226,,,0,,,,,
3227,,,0,,,,,
3229,,,0,,,,,
3230,,,0,,,,,
3232,,,0,,,,,
3233,,,0,,,,,
3235,,,0,,,,,
3236,,,0,,,,,
3237,,,0,,,,,
3239,,,0,,,,,
3240,,,0,,,,,
3242,,,0,,,,,
3243,,,0,,,,,
3245,,,0,,,,,
3246,,,0,,,,,
3247,,,0,,,,,
3249,,,0,,,,,
3250,,,0,,,,,
3252,,,0,,,,,
3253,,,0,,,,,
3255,,,0,,,,,
3256,,,0,,,,,
3257,,,0,,,,,
3259,,,0,,,,,
3260,,,0,,,,,
3262,,,0,,,,,
3263,,,0,,,,,
3265,,,0,,,,,
3266,,,0,,,,,
3268,,,0,,,,,
3269,,,0,,,,,
3270,,,0,,,,,
3272,,,0,,,,,
3273,,,0,,,,,
3275,,,0,,,,,
3276,,,0,,,,,
3278,,,0,,,,,
3279,,,0,,,,,
3280,,,0,,,,,
3282,,,0,,,,,
3283,,,0,,,,,
3285,,,0,,,,,
3286,,,0,,,,,
3288,,,0,,,,,
3289,,,0,,,,,
3290,,,0,,,,,
3292,,,0,,,,,
3293,,,0,,,,,
3295,,,0,,,,,
3296,,,0,,,,,
3298,,,0,,,,,
3299,,,0,,,,,
3300,,,0,,,,,
3302,,,0,,,,,
3303,,,0,,,,,
3305,,,0,,,,,
3306,,,0,,,,,
3308,,,0,,,,,
3309,,,0,,,,,
3311,,,0,,,,,
3312,,,0,,,,,
3313,,,0,,,,,
3314,,,0,,,,,
3316,,,0,,,,,
3317,,,0,,,,,
3319,,,0,,,,,
3320,,,0,,,,,
3321,,,0,,,,,
3323,,,0,,,,,
3324,,,0,,,,,
3326,,,0,,,,,
3327,,,0,,,,,
3329,,,0,,,,,
3330,,,0,,,,,
3331,,,0,,,,,
3333,,,0,,,,,
3334,,,0,,,,,
3336,,,0,,,,,
3337,,,0,,,,,
3339,,,0,,,,,
3340,,,0,,,,,
3341,,,0,,,,,
3343,,,0,,,,,
3344,,,0,,,,,
3346,,,0,,,,,
3347,,,0,,,,,
3349,,,0,,,,,
3350,,,0,,,,,
3352,,,0,,,,,
3353,,,0,,,,,
3354,,,0,,,,,
3356,,,0,,,,,
3357,,,0,,,,,
3359,,,0,,,,,
3360,,,0,,,,,
3362,,,0,,,,,
3363,,,0,,,,,
3364,,,0,,,,,
3366,,,0,,,,,
3367,,,0,,,,,
3369,,,0,,,,,
3370,,,0,,,,,
3372,,,0,,,,,
3373,,,0,,,,,
3374,,,0,,,,,
3376,,,0,,,,,
3377,,,0,,,,,
3379,,,0,,,,,
3380,,,0,,,,,
3382,,,0,,,,,
3383,,,0,,,,,
3384,,,0,,,,,
3386,,,0,,,,,
3387,,,0,,,,,
3389,,,0,,,,,
3390,,,0,,,,,
3392,,,0,,,,,
3393,,,0,,,,,
3395,,,0,,,,,
3396,,,0,,,,,
3397,,,0,,,,,
3399,,,0,,,,,
3400,,,0,,,,,
3402,,,0,,,,,
3403,,,0,,,,,
3405,,,0,,,,,
3406,,,0,,,,,
3407,,,0,,,,,
3409,,,0,,,,,
3410,,,0,,,,,
3412,,,0,,,,,
3413,,,0,,,,,
3415,,,0,,,,,
3416,,,0,,,,,
3417,,,0,,,,,
3419,,,0,,,,,
3420,,,0,,,,,
3422,,,0,,,,,
3423,,,0,,,,,
3425,,,0,,,,,
3426,,,0,,,,,
3427,,,0,,,,,
3429,,,0,,,,,
3430,,,0,,,,,
3432,,,0,,,,,
3433,,,0,,,,,
3435,,,0,,,,,
3436,,,0,,,,,
3438,,,0,,,,,
3439,,,0,,,,,
3440,,,0,,,,,
3441,,,0,,,,,
3443,,,0,,,,,
3444,,,0,,,,,
3446,,,0,,,,,
3447,,,0,,,,,
3448,,,0,,,,,
3450,,,0,,,,,
3451,,,0,,,,,
3453,,,0,,,,,
3454,,,0,,,,,
3456,,,0,,,,,
3457,,,0,,,,,
3458,,,0,,,,,
3460,,,0,,,,,
3461,,,0,,,,,
3463,,,0,,,,,
3464,,,0,,,,,
3466,,,0,,,,,
3467,,,0,,,,,
3468,,,0,,,,,
3470,,,0,,,,,
3471,,,0,,,,,
3473,,,0,,,,,
3474,,,0,,,,,
3476,,,0,,,,,
3477,,,0,,,,,
3479,,,0,,,,,
3480,,,0,,,,,
3481,,,0,,,,,
3483,,,0,,,,,
3484,,,0,,,,,
3486,,,0,,,,,
3487,,,0,,,,,
3489,,,0,,,,,
3490,,,0,,,,,
3491,,,0,,,,,
3493,,,0,,,,,
3494,,,0,,,,,
3496,,,0,,,,,
3497,,,0,,,,,
3499,,,0,,,,,
3500,,,0,,,,,
3501,,,0,,,,,
3503,,,0,,,,,
3504,,,0,,,,,
3506,,,0,,,,,
3507,,,0,,,,,
3509,,,0,,,,,
3510,,,0,,,,,
3511,,,0,,,,,
3513,,,0,,,,,
3514,,,0,,,,,
3516,,,0,,,,,
3517,,,0,,,,,
3519,,,0,,,,,
3520,,,0,,,,,
3522,,,0,,,,,
3523,,,0,,,,,
3524,,,0,,,,,
3526,,,0,,,,,
3527,,,0,,,,,
3529,,,0,,,,,
3530,,,0,,,,,
3532,,,0,,,,,
3533,,,0,,,,,
3534,,,0,,,,,
3536,,,0,,,,,
3537,,,0,,,,,
3539,,,0,,,,,
3540,,,0,,,,,
3542,,,0,,,,,
3543,,,0,,,,,
3544,,,0,,,,,
3546,,,0,,,,,
3547,,,0,,,,,
3549,,,0,,,,,
3550,,,0,,,,,
3552,,,0,,,,,
3553,,,0,,,,,
3554,,,0,,,,,
3556,,,0,,,,,
3557,,,0,,,,,
3559,,,0,,,,,
3560,,,0,,,,,
3562,,,0,,,,,
3563,,,0,,,,,
3565,,,0,,,,,
3566,,,0,,,,,
3567,,,0,,,,,
3569,,,0,,,,,
3570,,,0,,,,,
3572,,,0,,,,,
3573,,,0,,,,,
3574,,,0,,,,,
3576,,,0,,,,,
3577,,,0,,,,,
3579,,,0,,,,,
3580,,,0,,,,,
3582,,,0,,,,,
3583,,,0,,,,,
3584,,,0,,,,,
3586,,,0,,,,,
3587,,,0,,,,,
3589,,,0,,,,,
3590,,,0,,,,,
3592,,,0,,,,,
3593,,,0,,,,,
3594,,,0,,,,,
3596,,,0,,,,,
3597,,,0,,,,,
3599,,,0,,,,,
3600,,,0,,,,,
3602,,,0,,,,,
3603,,,0,,,,,
3604,,,0,,,,,
3606,,,0,,,,,
1160,1092,,0,,,,Aword^B|,
1910,1802,,0,,,,,0
1984,1870,,0,,,,Alaw^nS|Blaw^n|AGod^Sn|Abrother-in-law^S|Astaff^S|Astick^S|Aprophet^S|Aflag^S|Afather-in-law^S|Astick/Astaff^|Aperson^S|ABook-of-the-Law^S|ALaw^n|Abook^S|,0
2096,1978,,0,,,,,0
1163,1097,,0,,,,Acaptain^n|Aname^S|Aservant^S|,11100
1209,1139,,0,,,,Ason^n|,0
1335,1259,,0,,,,,11100
1413,1336,,0,,,,AGod^S|Aprayer^S|Aservant^S|,0
1587,1497,,0,,,,Aperson^n|Aarmy^n|Alanguage^n|,0
1824,1718,,0,,,,Aperson^n|Atribe^n|Afamily^n|,0
1829,1722,,0,,,,Apile^nS|,11100
1937,1824,,0,,,,Asoldier^S|Aarmy^S|,0
1939,1825,,0,,,,Aarmy^S|,0
